19,21,1,1,2021-10-26 16:43:20.164,2021-10-27 08:45:31.111,1,2,f
10,12,1,1,2021-07-09 10:57:18,2021-10-27 08:46:03.31,1,2,f
2,2,1,1,2021-07-09 10:56:56,2021-10-27 08:46:03.308,1,2,f
17,19,1,1,2021-07-09 10:56:52,2021-10-27 08:45:31.111,1,2,f
11,13,1,1,2021-07-09 10:57:21,2021-10-27 08:46:03.31,1,2,f
4,4,1,1,2021-07-09 10:57:01,2021-10-27 08:46:03.309,1,2,f
20,22,1,1,2021-10-26 16:43:50.713,2021-10-27 08:45:31.111,1,2,f
15,17,1,1,2021-07-09 10:56:47,2021-10-27 08:45:31.111,1,2,f
16,18,1,1,2021-07-09 10:56:49,2021-10-27 08:45:31.111,1,2,f
7,9,1,1,2021-07-09 10:57:08,2021-10-27 08:46:03.309,1,2,f
6,8,1,1,2021-07-09 10:57:06,2021-10-27 08:46:03.309,1,2,f
5,5,1,1,2021-07-09 10:57:03,2021-10-27 08:46:03.309,1,2,f
8,10,1,1,2021-07-09 10:57:10,2021-10-27 08:46:03.309,1,2,f
14,16,1,1,2021-07-09 10:56:45,2021-10-27 08:45:31.111,1,2,f
13,15,1,1,2021-07-09 10:57:26,2021-10-27 08:46:03.31,1,2,f
9,11,1,1,2021-07-09 10:57:14,2021-10-27 08:46:03.309,1,2,f
3,3,1,1,2021-07-09 10:56:59,2021-10-27 08:46:03.308,1,2,f
12,14,1,1,2021-07-09 10:57:24,2021-10-27 08:46:03.31,1,2,f
1,1,1,1,2021-07-09 10:56:54,2021-10-27 08:46:03.308,1,2,f
18,20,1,1,2021-07-09 10:56:42,2021-10-27 08:42:30.719,1,2,f
21,23,1,1,2021-07-09 10:56:54,2021-10-27 08:46:03.308,1,2,f
22,24,1,1,2021-07-09 10:56:56,2021-10-27 08:46:03.308,1,2,f
23,25,1,1,2021-07-09 10:56:59,2021-10-27 08:46:03.308,1,2,f
24,26,1,1,2021-07-09 10:57:01,2021-10-27 08:46:03.309,1,2,f
25,27,1,1,2021-07-09 10:57:03,2021-10-27 08:46:03.309,1,2,f
26,28,1,1,2021-07-09 10:57:06,2021-10-27 08:46:03.309,1,2,f
27,29,1,1,2021-07-09 10:57:08,2021-10-27 08:46:03.309,1,2,f
28,30,1,1,2021-07-09 10:57:10,2021-10-27 08:46:03.309,1,2,f
29,31,1,1,2021-07-09 10:57:14,2021-10-27 08:46:03.309,1,2,f
30,32,1,1,2021-07-09 10:57:18,2021-10-27 08:46:03.31,1,2,f
31,33,1,1,2021-07-09 10:57:21,2021-10-27 08:46:03.31,1,2,f
32,34,1,1,2021-07-09 10:57:24,2021-10-27 08:46:03.31,1,2,f
33,35,1,1,2021-07-09 10:57:26,2021-10-27 08:46:03.31,1,2,f
34,36,1,1,2021-07-09 10:56:45,2021-10-27 08:45:31.111,1,2,f
35,37,1,1,2021-07-09 10:56:47,2021-10-27 08:45:31.111,1,2,f
36,38,1,1,2021-07-09 10:56:49,2021-10-27 08:45:31.111,1,2,f
37,39,1,1,2021-07-09 10:56:52,2021-10-27 08:45:31.111,1,2,f
38,40,1,1,2021-07-09 10:56:42,2021-10-27 08:42:30.719,1,2,f
39,41,1,1,2021-10-26 16:43:20.164,2021-10-27 08:45:31.111,1,2,f
40,42,1,1,2021-10-26 16:43:50.713,2021-10-27 08:45:31.111,1,2,f
41,43,1,1,2021-07-09 10:56:54,2021-10-27 08:46:03.308,1,2,f
42,44,1,1,2021-07-09 10:56:56,2021-10-27 08:46:03.308,1,2,f
43,45,1,1,2021-07-09 10:56:59,2021-10-27 08:46:03.308,1,2,f
44,46,1,1,2021-07-09 10:57:01,2021-10-27 08:46:03.309,1,2,f
45,47,1,1,2021-07-09 10:57:03,2021-10-27 08:46:03.309,1,2,f
46,48,1,1,2021-07-09 10:57:06,2021-10-27 08:46:03.309,1,2,f
47,49,1,1,2021-07-09 10:57:08,2021-10-27 08:46:03.309,1,2,f
48,50,1,1,2021-07-09 10:57:10,2021-10-27 08:46:03.309,1,2,f
49,51,1,1,2021-07-09 10:57:14,2021-10-27 08:46:03.309,1,2,f
50,52,1,1,2021-07-09 10:57:18,2021-10-27 08:46:03.31,1,2,f
51,53,1,1,2021-07-09 10:57:21,2021-10-27 08:46:03.31,1,2,f
52,54,1,1,2021-07-09 10:57:24,2021-10-27 08:46:03.31,1,2,f
53,55,1,1,2021-07-09 10:57:26,2021-10-27 08:46:03.31,1,2,f
54,56,1,1,2021-07-09 10:56:45,2021-10-27 08:45:31.111,1,2,f
55,57,1,1,2021-07-09 10:56:47,2021-10-27 08:45:31.111,1,2,f
56,1,2,1,2021-07-09 10:56:54,2021-10-27 08:46:03.308,1,2,f
57,2,2,1,2021-07-09 10:56:56,2021-10-27 08:46:03.308,1,2,f
58,3,2,1,2021-07-09 10:56:59,2021-10-27 08:46:03.308,1,2,f
59,4,2,1,2021-07-09 10:57:01,2021-10-27 08:46:03.309,1,2,f
60,5,2,1,2021-07-09 10:57:03,2021-10-27 08:46:03.309,1,2,f
61,8,2,1,2021-07-09 10:57:06,2021-10-27 08:46:03.309,1,2,f
62,9,2,1,2021-07-09 10:57:08,2021-10-27 08:46:03.309,1,2,f
63,10,2,1,2021-07-09 10:57:10,2021-10-27 08:46:03.309,1,2,f
64,11,2,1,2021-07-09 10:57:14,2021-10-27 08:46:03.309,1,2,f
65,12,2,1,2021-07-09 10:57:18,2021-10-27 08:46:03.31,1,2,f
66,13,2,1,2021-07-09 10:57:21,2021-10-27 08:46:03.31,1,2,f
67,14,2,1,2021-07-09 10:57:24,2021-10-27 08:46:03.31,1,2,f
68,15,2,1,2021-07-09 10:57:26,2021-10-27 08:46:03.31,1,2,f
69,16,2,1,2021-07-09 10:56:45,2021-10-27 08:45:31.111,1,2,f
70,17,2,1,2021-07-09 10:56:47,2021-10-27 08:45:31.111,1,2,f
71,18,2,1,2021-07-09 10:56:49,2021-10-27 08:45:31.111,1,2,f
72,19,2,1,2021-07-09 10:56:52,2021-10-27 08:45:31.111,1,2,f
73,20,2,1,2021-07-09 10:56:42,2021-10-27 08:42:30.719,1,2,f
74,21,2,1,2021-10-26 16:43:20.164,2021-10-27 08:45:31.111,1,2,f
75,22,2,1,2021-10-26 16:43:50.713,2021-10-27 08:45:31.111,1,2,f
76,23,2,1,2021-07-09 10:56:54,2021-10-27 08:46:03.308,1,2,f
77,24,2,1,2021-07-09 10:56:56,2021-10-27 08:46:03.308,1,2,f
78,25,2,1,2021-07-09 10:56:59,2021-10-27 08:46:03.308,1,2,f
79,26,2,1,2021-07-09 10:57:01,2021-10-27 08:46:03.309,1,2,f
80,27,2,1,2021-07-09 10:57:03,2021-10-27 08:46:03.309,1,2,f
81,28,2,1,2021-07-09 10:57:06,2021-10-27 08:46:03.309,1,2,f
82,29,2,1,2021-07-09 10:57:08,2021-10-27 08:46:03.309,1,2,f
83,30,2,1,2021-07-09 10:57:10,2021-10-27 08:46:03.309,1,2,f
84,31,2,1,2021-07-09 10:57:14,2021-10-27 08:46:03.309,1,2,f
85,32,2,1,2021-07-09 10:57:18,2021-10-27 08:46:03.31,1,2,f
86,33,2,1,2021-07-09 10:57:21,2021-10-27 08:46:03.31,1,2,f
87,34,2,1,2021-07-09 10:57:24,2021-10-27 08:46:03.31,1,2,f
88,35,2,1,2021-07-09 10:57:26,2021-10-27 08:46:03.31,1,2,f
89,36,2,1,2021-07-09 10:56:45,2021-10-27 08:45:31.111,1,2,f
90,37,2,1,2021-07-09 10:56:47,2021-10-27 08:45:31.111,1,2,f
91,38,2,1,2021-07-09 10:56:49,2021-10-27 08:45:31.111,1,2,f
92,39,2,1,2021-07-09 10:56:52,2021-10-27 08:45:31.111,1,2,f
93,40,2,1,2021-07-09 10:56:42,2021-10-27 08:42:30.719,1,2,f
94,41,2,1,2021-10-26 16:43:20.164,2021-10-27 08:45:31.111,1,2,f
95,42,2,1,2021-10-26 16:43:50.713,2021-10-27 08:45:31.111,1,2,f
96,43,2,1,2021-07-09 10:56:54,2021-10-27 08:46:03.308,1,2,f
97,44,2,1,2021-07-09 10:56:56,2021-10-27 08:46:03.308,1,2,f
98,45,2,1,2021-07-09 10:56:59,2021-10-27 08:46:03.308,1,2,f
99,46,2,1,2021-07-09 10:57:01,2021-10-27 08:46:03.309,1,2,f
100,47,2,1,2021-07-09 10:57:03,2021-10-27 08:46:03.309,1,2,f
101,48,2,1,2021-07-09 10:57:06,2021-10-27 08:46:03.309,1,2,f
102,49,2,1,2021-07-09 10:57:08,2021-10-27 08:46:03.309,1,2,f
103,50,2,1,2021-07-09 10:57:10,2021-10-27 08:46:03.309,1,2,f
104,51,2,1,2021-07-09 10:57:14,2021-10-27 08:46:03.309,1,2,f
105,52,2,1,2021-07-09 10:57:18,2021-10-27 08:46:03.31,1,2,f
106,53,2,1,2021-07-09 10:57:21,2021-10-27 08:46:03.31,1,2,f
107,54,2,1,2021-07-09 10:57:24,2021-10-27 08:46:03.31,1,2,f
108,55,2,1,2021-07-09 10:57:26,2021-10-27 08:46:03.31,1,2,f
109,56,2,1,2021-07-09 10:56:45,2021-10-27 08:45:31.111,1,2,f
110,57,2,1,2021-07-09 10:56:47,2021-10-27 08:45:31.111,1,2,f
111,1,3,1,2021-07-09 10:56:54,2021-10-27 08:46:03.308,1,2,f
112,2,3,1,2021-07-09 10:56:56,2021-10-27 08:46:03.308,1,2,f
113,3,3,1,2021-07-09 10:56:59,2021-10-27 08:46:03.308,1,2,f
114,4,3,1,2021-07-09 10:57:01,2021-10-27 08:46:03.309,1,2,f
115,5,3,1,2021-07-09 10:57:03,2021-10-27 08:46:03.309,1,2,f
116,8,3,1,2021-07-09 10:57:06,2021-10-27 08:46:03.309,1,2,f
117,9,3,1,2021-07-09 10:57:08,2021-10-27 08:46:03.309,1,2,f
118,10,3,1,2021-07-09 10:57:10,2021-10-27 08:46:03.309,1,2,f
119,11,3,1,2021-07-09 10:57:14,2021-10-27 08:46:03.309,1,2,f
120,12,3,1,2021-07-09 10:57:18,2021-10-27 08:46:03.31,1,2,f
121,13,3,1,2021-07-09 10:57:21,2021-10-27 08:46:03.31,1,2,f
122,14,3,1,2021-07-09 10:57:24,2021-10-27 08:46:03.31,1,2,f
123,15,3,1,2021-07-09 10:57:26,2021-10-27 08:46:03.31,1,2,f
124,16,3,1,2021-07-09 10:56:45,2021-10-27 08:45:31.111,1,2,f
125,17,3,1,2021-07-09 10:56:47,2021-10-27 08:45:31.111,1,2,f
126,18,3,1,2021-07-09 10:56:49,2021-10-27 08:45:31.111,1,2,f
127,19,3,1,2021-07-09 10:56:52,2021-10-27 08:45:31.111,1,2,f
128,20,3,1,2021-07-09 10:56:42,2021-10-27 08:42:30.719,1,2,f
129,21,3,1,2021-10-26 16:43:20.164,2021-10-27 08:45:31.111,1,2,f
130,22,3,1,2021-10-26 16:43:50.713,2021-10-27 08:45:31.111,1,2,f
131,23,3,1,2021-07-09 10:56:54,2021-10-27 08:46:03.308,1,2,f
132,24,3,1,2021-07-09 10:56:56,2021-10-27 08:46:03.308,1,2,f
133,25,3,1,2021-07-09 10:56:59,2021-10-27 08:46:03.308,1,2,f
134,26,3,1,2021-07-09 10:57:01,2021-10-27 08:46:03.309,1,2,f
135,27,3,1,2021-07-09 10:57:03,2021-10-27 08:46:03.309,1,2,f
136,28,3,1,2021-07-09 10:57:06,2021-10-27 08:46:03.309,1,2,f
137,29,3,1,2021-07-09 10:57:08,2021-10-27 08:46:03.309,1,2,f
138,30,3,1,2021-07-09 10:57:10,2021-10-27 08:46:03.309,1,2,f
139,31,3,1,2021-07-09 10:57:14,2021-10-27 08:46:03.309,1,2,f
140,32,3,1,2021-07-09 10:57:18,2021-10-27 08:46:03.31,1,2,f
141,33,3,1,2021-07-09 10:57:21,2021-10-27 08:46:03.31,1,2,f
142,34,3,1,2021-07-09 10:57:24,2021-10-27 08:46:03.31,1,2,f
143,35,3,1,2021-07-09 10:57:26,2021-10-27 08:46:03.31,1,2,f
144,36,3,1,2021-07-09 10:56:45,2021-10-27 08:45:31.111,1,2,f
145,37,3,1,2021-07-09 10:56:47,2021-10-27 08:45:31.111,1,2,f
146,38,3,1,2021-07-09 10:56:49,2021-10-27 08:45:31.111,1,2,f
147,39,3,1,2021-07-09 10:56:52,2021-10-27 08:45:31.111,1,2,f
148,40,3,1,2021-07-09 10:56:42,2021-10-27 08:42:30.719,1,2,f
149,41,3,1,2021-10-26 16:43:20.164,2021-10-27 08:45:31.111,1,2,f
150,42,3,1,2021-10-26 16:43:50.713,2021-10-27 08:45:31.111,1,2,f
151,43,3,1,2021-07-09 10:56:54,2021-10-27 08:46:03.308,1,2,f
152,44,3,1,2021-07-09 10:56:56,2021-10-27 08:46:03.308,1,2,f
153,45,3,1,2021-07-09 10:56:59,2021-10-27 08:46:03.308,1,2,f
154,46,3,1,2021-07-09 10:57:01,2021-10-27 08:46:03.309,1,2,f
155,47,3,1,2021-07-09 10:57:03,2021-10-27 08:46:03.309,1,2,f
156,48,3,1,2021-07-09 10:57:06,2021-10-27 08:46:03.309,1,2,f
157,49,3,1,2021-07-09 10:57:08,2021-10-27 08:46:03.309,1,2,f
158,50,3,1,2021-07-09 10:57:10,2021-10-27 08:46:03.309,1,2,f
159,51,3,1,2021-07-09 10:57:14,2021-10-27 08:46:03.309,1,2,f
160,52,3,1,2021-07-09 10:57:18,2021-10-27 08:46:03.31,1,2,f
161,53,3,1,2021-07-09 10:57:21,2021-10-27 08:46:03.31,1,2,f
162,54,3,1,2021-07-09 10:57:24,2021-10-27 08:46:03.31,1,2,f
163,55,3,1,2021-07-09 10:57:26,2021-10-27 08:46:03.31,1,2,f
164,56,3,1,2021-07-09 10:56:45,2021-10-27 08:45:31.111,1,2,f
165,57,3,1,2021-07-09 10:56:47,2021-10-27 08:45:31.111,1,2,f
166,1,4,1,2021-07-09 10:56:54,2021-10-27 08:46:03.308,1,2,f
167,2,4,1,2021-07-09 10:56:56,2021-10-27 08:46:03.308,1,2,f
168,3,4,1,2021-07-09 10:56:59,2021-10-27 08:46:03.308,1,2,f
169,4,4,1,2021-07-09 10:57:01,2021-10-27 08:46:03.309,1,2,f
170,5,4,1,2021-07-09 10:57:03,2021-10-27 08:46:03.309,1,2,f
171,8,4,1,2021-07-09 10:57:06,2021-10-27 08:46:03.309,1,2,f
172,9,4,1,2021-07-09 10:57:08,2021-10-27 08:46:03.309,1,2,f
173,10,4,1,2021-07-09 10:57:10,2021-10-27 08:46:03.309,1,2,f
174,11,4,1,2021-07-09 10:57:14,2021-10-27 08:46:03.309,1,2,f
175,12,4,1,2021-07-09 10:57:18,2021-10-27 08:46:03.31,1,2,f
176,13,4,1,2021-07-09 10:57:21,2021-10-27 08:46:03.31,1,2,f
177,14,4,1,2021-07-09 10:57:24,2021-10-27 08:46:03.31,1,2,f
178,15,4,1,2021-07-09 10:57:26,2021-10-27 08:46:03.31,1,2,f
179,16,4,1,2021-07-09 10:56:45,2021-10-27 08:45:31.111,1,2,f
180,17,4,1,2021-07-09 10:56:47,2021-10-27 08:45:31.111,1,2,f
181,18,4,1,2021-07-09 10:56:49,2021-10-27 08:45:31.111,1,2,f
182,19,4,1,2021-07-09 10:56:52,2021-10-27 08:45:31.111,1,2,f
183,20,4,1,2021-07-09 10:56:42,2021-10-27 08:42:30.719,1,2,f
184,21,4,1,2021-10-26 16:43:20.164,2021-10-27 08:45:31.111,1,2,f
185,22,4,1,2021-10-26 16:43:50.713,2021-10-27 08:45:31.111,1,2,f
186,23,4,1,2021-07-09 10:56:54,2021-10-27 08:46:03.308,1,2,f
187,24,4,1,2021-07-09 10:56:56,2021-10-27 08:46:03.308,1,2,f
188,25,4,1,2021-07-09 10:56:59,2021-10-27 08:46:03.308,1,2,f
189,26,4,1,2021-07-09 10:57:01,2021-10-27 08:46:03.309,1,2,f
190,27,4,1,2021-07-09 10:57:03,2021-10-27 08:46:03.309,1,2,f
191,28,4,1,2021-07-09 10:57:06,2021-10-27 08:46:03.309,1,2,f
192,29,4,1,2021-07-09 10:57:08,2021-10-27 08:46:03.309,1,2,f
193,30,4,1,2021-07-09 10:57:10,2021-10-27 08:46:03.309,1,2,f
194,31,4,1,2021-07-09 10:57:14,2021-10-27 08:46:03.309,1,2,f
195,32,4,1,2021-07-09 10:57:18,2021-10-27 08:46:03.31,1,2,f
196,33,4,1,2021-07-09 10:57:21,2021-10-27 08:46:03.31,1,2,f
197,34,4,1,2021-07-09 10:57:24,2021-10-27 08:46:03.31,1,2,f
198,35,4,1,2021-07-09 10:57:26,2021-10-27 08:46:03.31,1,2,f
199,36,4,1,2021-07-09 10:56:45,2021-10-27 08:45:31.111,1,2,f
200,37,4,1,2021-07-09 10:56:47,2021-10-27 08:45:31.111,1,2,f
201,38,4,1,2021-07-09 10:56:49,2021-10-27 08:45:31.111,1,2,f
202,39,4,1,2021-07-09 10:56:52,2021-10-27 08:45:31.111,1,2,f
203,40,4,1,2021-07-09 10:56:42,2021-10-27 08:42:30.719,1,2,f
204,41,4,1,2021-10-26 16:43:20.164,2021-10-27 08:45:31.111,1,2,f
205,42,4,1,2021-10-26 16:43:50.713,2021-10-27 08:45:31.111,1,2,f
206,43,4,1,2021-07-09 10:56:54,2021-10-27 08:46:03.308,1,2,f
207,44,4,1,2021-07-09 10:56:56,2021-10-27 08:46:03.308,1,2,f
208,45,4,1,2021-07-09 10:56:59,2021-10-27 08:46:03.308,1,2,f
209,46,4,1,2021-07-09 10:57:01,2021-10-27 08:46:03.309,1,2,f
210,47,4,1,2021-07-09 10:57:03,2021-10-27 08:46:03.309,1,2,f
211,48,4,1,2021-07-09 10:57:06,2021-10-27 08:46:03.309,1,2,f
212,49,4,1,2021-07-09 10:57:08,2021-10-27 08:46:03.309,1,2,f
213,50,4,1,2021-07-09 10:57:10,2021-10-27 08:46:03.309,1,2,f
214,51,4,1,2021-07-09 10:57:14,2021-10-27 08:46:03.309,1,2,f
215,52,4,1,2021-07-09 10:57:18,2021-10-27 08:46:03.31,1,2,f
216,53,4,1,2021-07-09 10:57:21,2021-10-27 08:46:03.31,1,2,f
217,54,4,1,2021-07-09 10:57:24,2021-10-27 08:46:03.31,1,2,f
218,55,4,1,2021-07-09 10:57:26,2021-10-27 08:46:03.31,1,2,f
219,56,4,1,2021-07-09 10:56:45,2021-10-27 08:45:31.111,1,2,f
220,57,4,1,2021-07-09 10:56:47,2021-10-27 08:45:31.111,1,2,f
221,1,5,1,2021-07-09 10:56:54,2021-10-27 08:46:03.308,1,2,f
222,2,5,1,2021-07-09 10:56:56,2021-10-27 08:46:03.308,1,2,f
223,3,5,1,2021-07-09 10:56:59,2021-10-27 08:46:03.308,1,2,f
224,4,5,1,2021-07-09 10:57:01,2021-10-27 08:46:03.309,1,2,f
225,5,5,1,2021-07-09 10:57:03,2021-10-27 08:46:03.309,1,2,f
226,8,5,1,2021-07-09 10:57:06,2021-10-27 08:46:03.309,1,2,f
227,9,5,1,2021-07-09 10:57:08,2021-10-27 08:46:03.309,1,2,f
228,10,5,1,2021-07-09 10:57:10,2021-10-27 08:46:03.309,1,2,f
229,11,5,1,2021-07-09 10:57:14,2021-10-27 08:46:03.309,1,2,f
230,12,5,1,2021-07-09 10:57:18,2021-10-27 08:46:03.31,1,2,f
231,13,5,1,2021-07-09 10:57:21,2021-10-27 08:46:03.31,1,2,f
232,14,5,1,2021-07-09 10:57:24,2021-10-27 08:46:03.31,1,2,f
233,15,5,1,2021-07-09 10:57:26,2021-10-27 08:46:03.31,1,2,f
234,16,5,1,2021-07-09 10:56:45,2021-10-27 08:45:31.111,1,2,f
235,17,5,1,2021-07-09 10:56:47,2021-10-27 08:45:31.111,1,2,f
236,18,5,1,2021-07-09 10:56:49,2021-10-27 08:45:31.111,1,2,f
237,19,5,1,2021-07-09 10:56:52,2021-10-27 08:45:31.111,1,2,f
238,20,5,1,2021-07-09 10:56:42,2021-10-27 08:42:30.719,1,2,f
239,21,5,1,2021-10-26 16:43:20.164,2021-10-27 08:45:31.111,1,2,f
240,22,5,1,2021-10-26 16:43:50.713,2021-10-27 08:45:31.111,1,2,f
241,23,5,1,2021-07-09 10:56:54,2021-10-27 08:46:03.308,1,2,f
242,24,5,1,2021-07-09 10:56:56,2021-10-27 08:46:03.308,1,2,f
243,25,5,1,2021-07-09 10:56:59,2021-10-27 08:46:03.308,1,2,f
244,26,5,1,2021-07-09 10:57:01,2021-10-27 08:46:03.309,1,2,f
245,27,5,1,2021-07-09 10:57:03,2021-10-27 08:46:03.309,1,2,f
246,28,5,1,2021-07-09 10:57:06,2021-10-27 08:46:03.309,1,2,f
247,29,5,1,2021-07-09 10:57:08,2021-10-27 08:46:03.309,1,2,f
248,30,5,1,2021-07-09 10:57:10,2021-10-27 08:46:03.309,1,2,f
249,31,5,1,2021-07-09 10:57:14,2021-10-27 08:46:03.309,1,2,f
250,32,5,1,2021-07-09 10:57:18,2021-10-27 08:46:03.31,1,2,f
251,33,5,1,2021-07-09 10:57:21,2021-10-27 08:46:03.31,1,2,f
252,34,5,1,2021-07-09 10:57:24,2021-10-27 08:46:03.31,1,2,f
253,35,5,1,2021-07-09 10:57:26,2021-10-27 08:46:03.31,1,2,f
254,36,5,1,2021-07-09 10:56:45,2021-10-27 08:45:31.111,1,2,f
255,37,5,1,2021-07-09 10:56:47,2021-10-27 08:45:31.111,1,2,f
256,38,5,1,2021-07-09 10:56:49,2021-10-27 08:45:31.111,1,2,f
257,39,5,1,2021-07-09 10:56:52,2021-10-27 08:45:31.111,1,2,f
258,40,5,1,2021-07-09 10:56:42,2021-10-27 08:42:30.719,1,2,f
259,41,5,1,2021-10-26 16:43:20.164,2021-10-27 08:45:31.111,1,2,f
260,42,5,1,2021-10-26 16:43:50.713,2021-10-27 08:45:31.111,1,2,f
261,43,5,1,2021-07-09 10:56:54,2021-10-27 08:46:03.308,1,2,f
262,44,5,1,2021-07-09 10:56:56,2021-10-27 08:46:03.308,1,2,f
263,45,5,1,2021-07-09 10:56:59,2021-10-27 08:46:03.308,1,2,f
264,46,5,1,2021-07-09 10:57:01,2021-10-27 08:46:03.309,1,2,f
265,47,5,1,2021-07-09 10:57:03,2021-10-27 08:46:03.309,1,2,f
266,48,5,1,2021-07-09 10:57:06,2021-10-27 08:46:03.309,1,2,f
267,49,5,1,2021-07-09 10:57:08,2021-10-27 08:46:03.309,1,2,f
268,50,5,1,2021-07-09 10:57:10,2021-10-27 08:46:03.309,1,2,f
269,51,5,1,2021-07-09 10:57:14,2021-10-27 08:46:03.309,1,2,f
270,52,5,1,2021-07-09 10:57:18,2021-10-27 08:46:03.31,1,2,f
271,53,5,1,2021-07-09 10:57:21,2021-10-27 08:46:03.31,1,2,f
272,54,5,1,2021-07-09 10:57:24,2021-10-27 08:46:03.31,1,2,f
273,55,5,1,2021-07-09 10:57:26,2021-10-27 08:46:03.31,1,2,f
274,56,5,1,2021-07-09 10:56:45,2021-10-27 08:45:31.111,1,2,f
275,57,5,1,2021-07-09 10:56:47,2021-10-27 08:45:31.111,1,2,f
276,1,6,1,2021-07-09 10:56:54,2021-10-27 08:46:03.308,1,2,f
277,2,6,1,2021-07-09 10:56:56,2021-10-27 08:46:03.308,1,2,f
278,3,6,1,2021-07-09 10:56:59,2021-10-27 08:46:03.308,1,2,f
279,4,6,1,2021-07-09 10:57:01,2021-10-27 08:46:03.309,1,2,f
280,5,6,1,2021-07-09 10:57:03,2021-10-27 08:46:03.309,1,2,f
281,8,6,1,2021-07-09 10:57:06,2021-10-27 08:46:03.309,1,2,f
282,9,6,1,2021-07-09 10:57:08,2021-10-27 08:46:03.309,1,2,f
283,10,6,1,2021-07-09 10:57:10,2021-10-27 08:46:03.309,1,2,f
284,11,6,1,2021-07-09 10:57:14,2021-10-27 08:46:03.309,1,2,f
285,12,6,1,2021-07-09 10:57:18,2021-10-27 08:46:03.31,1,2,f
286,13,6,1,2021-07-09 10:57:21,2021-10-27 08:46:03.31,1,2,f
287,14,6,1,2021-07-09 10:57:24,2021-10-27 08:46:03.31,1,2,f
288,15,6,1,2021-07-09 10:57:26,2021-10-27 08:46:03.31,1,2,f
289,16,6,1,2021-07-09 10:56:45,2021-10-27 08:45:31.111,1,2,f
290,17,6,1,2021-07-09 10:56:47,2021-10-27 08:45:31.111,1,2,f
291,18,6,1,2021-07-09 10:56:49,2021-10-27 08:45:31.111,1,2,f
292,19,6,1,2021-07-09 10:56:52,2021-10-27 08:45:31.111,1,2,f
293,20,6,1,2021-07-09 10:56:42,2021-10-27 08:42:30.719,1,2,f
294,21,6,1,2021-10-26 16:43:20.164,2021-10-27 08:45:31.111,1,2,f
295,22,6,1,2021-10-26 16:43:50.713,2021-10-27 08:45:31.111,1,2,f
296,23,6,1,2021-07-09 10:56:54,2021-10-27 08:46:03.308,1,2,f
297,24,6,1,2021-07-09 10:56:56,2021-10-27 08:46:03.308,1,2,f
298,25,6,1,2021-07-09 10:56:59,2021-10-27 08:46:03.308,1,2,f
299,26,6,1,2021-07-09 10:57:01,2021-10-27 08:46:03.309,1,2,f
300,27,6,1,2021-07-09 10:57:03,2021-10-27 08:46:03.309,1,2,f
301,28,6,1,2021-07-09 10:57:06,2021-10-27 08:46:03.309,1,2,f
302,29,6,1,2021-07-09 10:57:08,2021-10-27 08:46:03.309,1,2,f
303,30,6,1,2021-07-09 10:57:10,2021-10-27 08:46:03.309,1,2,f
304,31,6,1,2021-07-09 10:57:14,2021-10-27 08:46:03.309,1,2,f
305,32,6,1,2021-07-09 10:57:18,2021-10-27 08:46:03.31,1,2,f
306,33,6,1,2021-07-09 10:57:21,2021-10-27 08:46:03.31,1,2,f
307,34,6,1,2021-07-09 10:57:24,2021-10-27 08:46:03.31,1,2,f
308,35,6,1,2021-07-09 10:57:26,2021-10-27 08:46:03.31,1,2,f
309,36,6,1,2021-07-09 10:56:45,2021-10-27 08:45:31.111,1,2,f
310,37,6,1,2021-07-09 10:56:47,2021-10-27 08:45:31.111,1,2,f
311,38,6,1,2021-07-09 10:56:49,2021-10-27 08:45:31.111,1,2,f
312,39,6,1,2021-07-09 10:56:52,2021-10-27 08:45:31.111,1,2,f
313,40,6,1,2021-07-09 10:56:42,2021-10-27 08:42:30.719,1,2,f
314,41,6,1,2021-10-26 16:43:20.164,2021-10-27 08:45:31.111,1,2,f
315,42,6,1,2021-10-26 16:43:50.713,2021-10-27 08:45:31.111,1,2,f
316,43,6,1,2021-07-09 10:56:54,2021-10-27 08:46:03.308,1,2,f
317,44,6,1,2021-07-09 10:56:56,2021-10-27 08:46:03.308,1,2,f
318,45,6,1,2021-07-09 10:56:59,2021-10-27 08:46:03.308,1,2,f
319,46,6,1,2021-07-09 10:57:01,2021-10-27 08:46:03.309,1,2,f
320,47,6,1,2021-07-09 10:57:03,2021-10-27 08:46:03.309,1,2,f
321,48,6,1,2021-07-09 10:57:06,2021-10-27 08:46:03.309,1,2,f
322,49,6,1,2021-07-09 10:57:08,2021-10-27 08:46:03.309,1,2,f
323,50,6,1,2021-07-09 10:57:10,2021-10-27 08:46:03.309,1,2,f
324,51,6,1,2021-07-09 10:57:14,2021-10-27 08:46:03.309,1,2,f
325,52,6,1,2021-07-09 10:57:18,2021-10-27 08:46:03.31,1,2,f
326,53,6,1,2021-07-09 10:57:21,2021-10-27 08:46:03.31,1,2,f
327,54,6,1,2021-07-09 10:57:24,2021-10-27 08:46:03.31,1,2,f
328,55,6,1,2021-07-09 10:57:26,2021-10-27 08:46:03.31,1,2,f
329,56,6,1,2021-07-09 10:56:45,2021-10-27 08:45:31.111,1,2,f
330,57,6,1,2021-07-09 10:56:47,2021-10-27 08:45:31.111,1,2,f
331,1,7,1,2021-07-09 10:56:54,2021-10-27 08:46:03.308,1,2,f
332,2,7,1,2021-07-09 10:56:56,2021-10-27 08:46:03.308,1,2,f
333,3,7,1,2021-07-09 10:56:59,2021-10-27 08:46:03.308,1,2,f
334,4,7,1,2021-07-09 10:57:01,2021-10-27 08:46:03.309,1,2,f
335,5,7,1,2021-07-09 10:57:03,2021-10-27 08:46:03.309,1,2,f
336,8,7,1,2021-07-09 10:57:06,2021-10-27 08:46:03.309,1,2,f
337,9,7,1,2021-07-09 10:57:08,2021-10-27 08:46:03.309,1,2,f
338,10,7,1,2021-07-09 10:57:10,2021-10-27 08:46:03.309,1,2,f
339,11,7,1,2021-07-09 10:57:14,2021-10-27 08:46:03.309,1,2,f
340,12,7,1,2021-07-09 10:57:18,2021-10-27 08:46:03.31,1,2,f
341,13,7,1,2021-07-09 10:57:21,2021-10-27 08:46:03.31,1,2,f
342,14,7,1,2021-07-09 10:57:24,2021-10-27 08:46:03.31,1,2,f
343,15,7,1,2021-07-09 10:57:26,2021-10-27 08:46:03.31,1,2,f
344,16,7,1,2021-07-09 10:56:45,2021-10-27 08:45:31.111,1,2,f
345,17,7,1,2021-07-09 10:56:47,2021-10-27 08:45:31.111,1,2,f
346,18,7,1,2021-07-09 10:56:49,2021-10-27 08:45:31.111,1,2,f
347,19,7,1,2021-07-09 10:56:52,2021-10-27 08:45:31.111,1,2,f
348,20,7,1,2021-07-09 10:56:42,2021-10-27 08:42:30.719,1,2,f
349,21,7,1,2021-10-26 16:43:20.164,2021-10-27 08:45:31.111,1,2,f
350,22,7,1,2021-10-26 16:43:50.713,2021-10-27 08:45:31.111,1,2,f
351,23,7,1,2021-07-09 10:56:54,2021-10-27 08:46:03.308,1,2,f
352,24,7,1,2021-07-09 10:56:56,2021-10-27 08:46:03.308,1,2,f
353,25,7,1,2021-07-09 10:56:59,2021-10-27 08:46:03.308,1,2,f
354,26,7,1,2021-07-09 10:57:01,2021-10-27 08:46:03.309,1,2,f
355,27,7,1,2021-07-09 10:57:03,2021-10-27 08:46:03.309,1,2,f
356,28,7,1,2021-07-09 10:57:06,2021-10-27 08:46:03.309,1,2,f
357,29,7,1,2021-07-09 10:57:08,2021-10-27 08:46:03.309,1,2,f
358,30,7,1,2021-07-09 10:57:10,2021-10-27 08:46:03.309,1,2,f
359,31,7,1,2021-07-09 10:57:14,2021-10-27 08:46:03.309,1,2,f
360,32,7,1,2021-07-09 10:57:18,2021-10-27 08:46:03.31,1,2,f
361,33,7,1,2021-07-09 10:57:21,2021-10-27 08:46:03.31,1,2,f
362,34,7,1,2021-07-09 10:57:24,2021-10-27 08:46:03.31,1,2,f
363,35,7,1,2021-07-09 10:57:26,2021-10-27 08:46:03.31,1,2,f
364,36,7,1,2021-07-09 10:56:45,2021-10-27 08:45:31.111,1,2,f
365,37,7,1,2021-07-09 10:56:47,2021-10-27 08:45:31.111,1,2,f
366,38,7,1,2021-07-09 10:56:49,2021-10-27 08:45:31.111,1,2,f
367,39,7,1,2021-07-09 10:56:52,2021-10-27 08:45:31.111,1,2,f
368,40,7,1,2021-07-09 10:56:42,2021-10-27 08:42:30.719,1,2,f
369,41,7,1,2021-10-26 16:43:20.164,2021-10-27 08:45:31.111,1,2,f
370,42,7,1,2021-10-26 16:43:50.713,2021-10-27 08:45:31.111,1,2,f
371,43,7,1,2021-07-09 10:56:54,2021-10-27 08:46:03.308,1,2,f
372,44,7,1,2021-07-09 10:56:56,2021-10-27 08:46:03.308,1,2,f
373,45,7,1,2021-07-09 10:56:59,2021-10-27 08:46:03.308,1,2,f
374,46,7,1,2021-07-09 10:57:01,2021-10-27 08:46:03.309,1,2,f
375,47,7,1,2021-07-09 10:57:03,2021-10-27 08:46:03.309,1,2,f
376,48,7,1,2021-07-09 10:57:06,2021-10-27 08:46:03.309,1,2,f
377,49,7,1,2021-07-09 10:57:08,2021-10-27 08:46:03.309,1,2,f
378,50,7,1,2021-07-09 10:57:10,2021-10-27 08:46:03.309,1,2,f
379,51,7,1,2021-07-09 10:57:14,2021-10-27 08:46:03.309,1,2,f
380,52,7,1,2021-07-09 10:57:18,2021-10-27 08:46:03.31,1,2,f
381,53,7,1,2021-07-09 10:57:21,2021-10-27 08:46:03.31,1,2,f
382,54,7,1,2021-07-09 10:57:24,2021-10-27 08:46:03.31,1,2,f
383,55,7,1,2021-07-09 10:57:26,2021-10-27 08:46:03.31,1,2,f
384,56,7,1,2021-07-09 10:56:45,2021-10-27 08:45:31.111,1,2,f
385,57,7,1,2021-07-09 10:56:47,2021-10-27 08:45:31.111,1,2,f
386,1,8,1,2021-07-09 10:56:54,2021-10-27 08:46:03.308,1,2,f
387,2,8,1,2021-07-09 10:56:56,2021-10-27 08:46:03.308,1,2,f
388,3,8,1,2021-07-09 10:56:59,2021-10-27 08:46:03.308,1,2,f
389,4,8,1,2021-07-09 10:57:01,2021-10-27 08:46:03.309,1,2,f
390,5,8,1,2021-07-09 10:57:03,2021-10-27 08:46:03.309,1,2,f
391,8,8,1,2021-07-09 10:57:06,2021-10-27 08:46:03.309,1,2,f
392,9,8,1,2021-07-09 10:57:08,2021-10-27 08:46:03.309,1,2,f
393,10,8,1,2021-07-09 10:57:10,2021-10-27 08:46:03.309,1,2,f
394,11,8,1,2021-07-09 10:57:14,2021-10-27 08:46:03.309,1,2,f
395,12,8,1,2021-07-09 10:57:18,2021-10-27 08:46:03.31,1,2,f
396,13,8,1,2021-07-09 10:57:21,2021-10-27 08:46:03.31,1,2,f
397,14,8,1,2021-07-09 10:57:24,2021-10-27 08:46:03.31,1,2,f
398,15,8,1,2021-07-09 10:57:26,2021-10-27 08:46:03.31,1,2,f
399,16,8,1,2021-07-09 10:56:45,2021-10-27 08:45:31.111,1,2,f
400,17,8,1,2021-07-09 10:56:47,2021-10-27 08:45:31.111,1,2,f
401,18,8,1,2021-07-09 10:56:49,2021-10-27 08:45:31.111,1,2,f
402,19,8,1,2021-07-09 10:56:52,2021-10-27 08:45:31.111,1,2,f
403,20,8,1,2021-07-09 10:56:42,2021-10-27 08:42:30.719,1,2,f
404,21,8,1,2021-10-26 16:43:20.164,2021-10-27 08:45:31.111,1,2,f
405,22,8,1,2021-10-26 16:43:50.713,2021-10-27 08:45:31.111,1,2,f
406,23,8,1,2021-07-09 10:56:54,2021-10-27 08:46:03.308,1,2,f
407,24,8,1,2021-07-09 10:56:56,2021-10-27 08:46:03.308,1,2,f
408,25,8,1,2021-07-09 10:56:59,2021-10-27 08:46:03.308,1,2,f
409,26,8,1,2021-07-09 10:57:01,2021-10-27 08:46:03.309,1,2,f
410,27,8,1,2021-07-09 10:57:03,2021-10-27 08:46:03.309,1,2,f
411,28,8,1,2021-07-09 10:57:06,2021-10-27 08:46:03.309,1,2,f
412,29,8,1,2021-07-09 10:57:08,2021-10-27 08:46:03.309,1,2,f
413,30,8,1,2021-07-09 10:57:10,2021-10-27 08:46:03.309,1,2,f
414,31,8,1,2021-07-09 10:57:14,2021-10-27 08:46:03.309,1,2,f
415,32,8,1,2021-07-09 10:57:18,2021-10-27 08:46:03.31,1,2,f
416,33,8,1,2021-07-09 10:57:21,2021-10-27 08:46:03.31,1,2,f
417,34,8,1,2021-07-09 10:57:24,2021-10-27 08:46:03.31,1,2,f
418,35,8,1,2021-07-09 10:57:26,2021-10-27 08:46:03.31,1,2,f
419,36,8,1,2021-07-09 10:56:45,2021-10-27 08:45:31.111,1,2,f
420,37,8,1,2021-07-09 10:56:47,2021-10-27 08:45:31.111,1,2,f
421,38,8,1,2021-07-09 10:56:49,2021-10-27 08:45:31.111,1,2,f
422,39,8,1,2021-07-09 10:56:52,2021-10-27 08:45:31.111,1,2,f
423,40,8,1,2021-07-09 10:56:42,2021-10-27 08:42:30.719,1,2,f
424,41,8,1,2021-10-26 16:43:20.164,2021-10-27 08:45:31.111,1,2,f
425,42,8,1,2021-10-26 16:43:50.713,2021-10-27 08:45:31.111,1,2,f
426,43,8,1,2021-07-09 10:56:54,2021-10-27 08:46:03.308,1,2,f
427,44,8,1,2021-07-09 10:56:56,2021-10-27 08:46:03.308,1,2,f
428,45,8,1,2021-07-09 10:56:59,2021-10-27 08:46:03.308,1,2,f
429,46,8,1,2021-07-09 10:57:01,2021-10-27 08:46:03.309,1,2,f
430,47,8,1,2021-07-09 10:57:03,2021-10-27 08:46:03.309,1,2,f
431,48,8,1,2021-07-09 10:57:06,2021-10-27 08:46:03.309,1,2,f
432,49,8,1,2021-07-09 10:57:08,2021-10-27 08:46:03.309,1,2,f
433,50,8,1,2021-07-09 10:57:10,2021-10-27 08:46:03.309,1,2,f
434,51,8,1,2021-07-09 10:57:14,2021-10-27 08:46:03.309,1,2,f
435,52,8,1,2021-07-09 10:57:18,2021-10-27 08:46:03.31,1,2,f
436,53,8,1,2021-07-09 10:57:21,2021-10-27 08:46:03.31,1,2,f
437,54,8,1,2021-07-09 10:57:24,2021-10-27 08:46:03.31,1,2,f
438,55,8,1,2021-07-09 10:57:26,2021-10-27 08:46:03.31,1,2,f
439,56,8,1,2021-07-09 10:56:45,2021-10-27 08:45:31.111,1,2,f
440,57,8,1,2021-07-09 10:56:47,2021-10-27 08:45:31.111,1,2,f
441,1,9,1,2021-07-09 10:56:54,2021-10-27 08:46:03.308,1,2,f
442,2,9,1,2021-07-09 10:56:56,2021-10-27 08:46:03.308,1,2,f
443,3,9,1,2021-07-09 10:56:59,2021-10-27 08:46:03.308,1,2,f
444,4,9,1,2021-07-09 10:57:01,2021-10-27 08:46:03.309,1,2,f
445,5,9,1,2021-07-09 10:57:03,2021-10-27 08:46:03.309,1,2,f
446,8,9,1,2021-07-09 10:57:06,2021-10-27 08:46:03.309,1,2,f
447,9,9,1,2021-07-09 10:57:08,2021-10-27 08:46:03.309,1,2,f
448,10,9,1,2021-07-09 10:57:10,2021-10-27 08:46:03.309,1,2,f
449,11,9,1,2021-07-09 10:57:14,2021-10-27 08:46:03.309,1,2,f
450,12,9,1,2021-07-09 10:57:18,2021-10-27 08:46:03.31,1,2,f
451,13,9,1,2021-07-09 10:57:21,2021-10-27 08:46:03.31,1,2,f
452,14,9,1,2021-07-09 10:57:24,2021-10-27 08:46:03.31,1,2,f
453,15,9,1,2021-07-09 10:57:26,2021-10-27 08:46:03.31,1,2,f
454,16,9,1,2021-07-09 10:56:45,2021-10-27 08:45:31.111,1,2,f
455,17,9,1,2021-07-09 10:56:47,2021-10-27 08:45:31.111,1,2,f
456,18,9,1,2021-07-09 10:56:49,2021-10-27 08:45:31.111,1,2,f
457,19,9,1,2021-07-09 10:56:52,2021-10-27 08:45:31.111,1,2,f
458,20,9,1,2021-07-09 10:56:42,2021-10-27 08:42:30.719,1,2,f
459,21,9,1,2021-10-26 16:43:20.164,2021-10-27 08:45:31.111,1,2,f
460,22,9,1,2021-10-26 16:43:50.713,2021-10-27 08:45:31.111,1,2,f
461,23,9,1,2021-07-09 10:56:54,2021-10-27 08:46:03.308,1,2,f
462,24,9,1,2021-07-09 10:56:56,2021-10-27 08:46:03.308,1,2,f
463,25,9,1,2021-07-09 10:56:59,2021-10-27 08:46:03.308,1,2,f
464,26,9,1,2021-07-09 10:57:01,2021-10-27 08:46:03.309,1,2,f
465,27,9,1,2021-07-09 10:57:03,2021-10-27 08:46:03.309,1,2,f
466,28,9,1,2021-07-09 10:57:06,2021-10-27 08:46:03.309,1,2,f
467,29,9,1,2021-07-09 10:57:08,2021-10-27 08:46:03.309,1,2,f
468,30,9,1,2021-07-09 10:57:10,2021-10-27 08:46:03.309,1,2,f
469,31,9,1,2021-07-09 10:57:14,2021-10-27 08:46:03.309,1,2,f
470,32,9,1,2021-07-09 10:57:18,2021-10-27 08:46:03.31,1,2,f
471,33,9,1,2021-07-09 10:57:21,2021-10-27 08:46:03.31,1,2,f
472,34,9,1,2021-07-09 10:57:24,2021-10-27 08:46:03.31,1,2,f
473,35,9,1,2021-07-09 10:57:26,2021-10-27 08:46:03.31,1,2,f
474,36,9,1,2021-07-09 10:56:45,2021-10-27 08:45:31.111,1,2,f
475,37,9,1,2021-07-09 10:56:47,2021-10-27 08:45:31.111,1,2,f
476,38,9,1,2021-07-09 10:56:49,2021-10-27 08:45:31.111,1,2,f
477,39,9,1,2021-07-09 10:56:52,2021-10-27 08:45:31.111,1,2,f
478,40,9,1,2021-07-09 10:56:42,2021-10-27 08:42:30.719,1,2,f
479,41,9,1,2021-10-26 16:43:20.164,2021-10-27 08:45:31.111,1,2,f
480,42,9,1,2021-10-26 16:43:50.713,2021-10-27 08:45:31.111,1,2,f
481,43,9,1,2021-07-09 10:56:54,2021-10-27 08:46:03.308,1,2,f
482,44,9,1,2021-07-09 10:56:56,2021-10-27 08:46:03.308,1,2,f
483,45,9,1,2021-07-09 10:56:59,2021-10-27 08:46:03.308,1,2,f
484,46,9,1,2021-07-09 10:57:01,2021-10-27 08:46:03.309,1,2,f
485,47,9,1,2021-07-09 10:57:03,2021-10-27 08:46:03.309,1,2,f
486,48,9,1,2021-07-09 10:57:06,2021-10-27 08:46:03.309,1,2,f
487,49,9,1,2021-07-09 10:57:08,2021-10-27 08:46:03.309,1,2,f
488,50,9,1,2021-07-09 10:57:10,2021-10-27 08:46:03.309,1,2,f
489,51,9,1,2021-07-09 10:57:14,2021-10-27 08:46:03.309,1,2,f
490,52,9,1,2021-07-09 10:57:18,2021-10-27 08:46:03.31,1,2,f
491,53,9,1,2021-07-09 10:57:21,2021-10-27 08:46:03.31,1,2,f
492,54,9,1,2021-07-09 10:57:24,2021-10-27 08:46:03.31,1,2,f
493,55,9,1,2021-07-09 10:57:26,2021-10-27 08:46:03.31,1,2,f
494,56,9,1,2021-07-09 10:56:45,2021-10-27 08:45:31.111,1,2,f
495,57,9,1,2021-07-09 10:56:47,2021-10-27 08:45:31.111,1,2,f
496,1,10,1,2021-07-09 10:56:54,2021-10-27 08:46:03.308,1,2,f
497,2,10,1,2021-07-09 10:56:56,2021-10-27 08:46:03.308,1,2,f
498,3,10,1,2021-07-09 10:56:59,2021-10-27 08:46:03.308,1,2,f
499,4,10,1,2021-07-09 10:57:01,2021-10-27 08:46:03.309,1,2,f
500,5,10,1,2021-07-09 10:57:03,2021-10-27 08:46:03.309,1,2,f
501,8,10,1,2021-07-09 10:57:06,2021-10-27 08:46:03.309,1,2,f
502,9,10,1,2021-07-09 10:57:08,2021-10-27 08:46:03.309,1,2,f
503,10,10,1,2021-07-09 10:57:10,2021-10-27 08:46:03.309,1,2,f
504,11,10,1,2021-07-09 10:57:14,2021-10-27 08:46:03.309,1,2,f
505,12,10,1,2021-07-09 10:57:18,2021-10-27 08:46:03.31,1,2,f
506,13,10,1,2021-07-09 10:57:21,2021-10-27 08:46:03.31,1,2,f
507,14,10,1,2021-07-09 10:57:24,2021-10-27 08:46:03.31,1,2,f
508,15,10,1,2021-07-09 10:57:26,2021-10-27 08:46:03.31,1,2,f
509,16,10,1,2021-07-09 10:56:45,2021-10-27 08:45:31.111,1,2,f
510,17,10,1,2021-07-09 10:56:47,2021-10-27 08:45:31.111,1,2,f
511,18,10,1,2021-07-09 10:56:49,2021-10-27 08:45:31.111,1,2,f
512,19,10,1,2021-07-09 10:56:52,2021-10-27 08:45:31.111,1,2,f
513,20,10,1,2021-07-09 10:56:42,2021-10-27 08:42:30.719,1,2,f
514,21,10,1,2021-10-26 16:43:20.164,2021-10-27 08:45:31.111,1,2,f
515,22,10,1,2021-10-26 16:43:50.713,2021-10-27 08:45:31.111,1,2,f
516,23,10,1,2021-07-09 10:56:54,2021-10-27 08:46:03.308,1,2,f
517,24,10,1,2021-07-09 10:56:56,2021-10-27 08:46:03.308,1,2,f
518,25,10,1,2021-07-09 10:56:59,2021-10-27 08:46:03.308,1,2,f
519,26,10,1,2021-07-09 10:57:01,2021-10-27 08:46:03.309,1,2,f
520,27,11,1,2021-07-09 10:57:03,2021-10-27 08:46:03.309,1,2,f
521,28,11,1,2021-07-09 10:57:06,2021-10-27 08:46:03.309,1,2,f
522,29,11,1,2021-07-09 10:57:08,2021-10-27 08:46:03.309,1,2,f
523,30,11,1,2021-07-09 10:57:10,2021-10-27 08:46:03.309,1,2,f
524,31,11,1,2021-07-09 10:57:14,2021-10-27 08:46:03.309,1,2,f
525,32,11,1,2021-07-09 10:57:18,2021-10-27 08:46:03.31,1,2,f
526,33,11,1,2021-07-09 10:57:21,2021-10-27 08:46:03.31,1,2,f
527,34,11,1,2021-07-09 10:57:24,2021-10-27 08:46:03.31,1,2,f
528,35,11,1,2021-07-09 10:57:26,2021-10-27 08:46:03.31,1,2,f
529,36,11,1,2021-07-09 10:56:45,2021-10-27 08:45:31.111,1,2,f
530,37,11,1,2021-07-09 10:56:47,2021-10-27 08:45:31.111,1,2,f
531,38,11,1,2021-07-09 10:56:49,2021-10-27 08:45:31.111,1,2,f
532,39,11,1,2021-07-09 10:56:52,2021-10-27 08:45:31.111,1,2,f
533,40,11,1,2021-07-09 10:56:42,2021-10-27 08:42:30.719,1,2,f
534,41,11,1,2021-10-26 16:43:20.164,2021-10-27 08:45:31.111,1,2,f
535,42,11,1,2021-10-26 16:43:50.713,2021-10-27 08:45:31.111,1,2,f
536,43,11,1,2021-07-09 10:56:54,2021-10-27 08:46:03.308,1,2,f
537,44,11,1,2021-07-09 10:56:56,2021-10-27 08:46:03.308,1,2,f
538,45,11,1,2021-07-09 10:56:59,2021-10-27 08:46:03.308,1,2,f
539,46,11,1,2021-07-09 10:57:01,2021-10-27 08:46:03.309,1,2,f
540,47,11,1,2021-07-09 10:57:03,2021-10-27 08:46:03.309,1,2,f
541,48,11,1,2021-07-09 10:57:06,2021-10-27 08:46:03.309,1,2,f
542,49,11,1,2021-07-09 10:57:08,2021-10-27 08:46:03.309,1,2,f
543,50,11,1,2021-07-09 10:57:10,2021-10-27 08:46:03.309,1,2,f
544,51,11,1,2021-07-09 10:57:14,2021-10-27 08:46:03.309,1,2,f
545,52,11,1,2021-07-09 10:57:18,2021-10-27 08:46:03.31,1,2,f
546,53,11,1,2021-07-09 10:57:21,2021-10-27 08:46:03.31,1,2,f
547,54,11,1,2021-07-09 10:57:24,2021-10-27 08:46:03.31,1,2,f
548,55,11,1,2021-07-09 10:57:26,2021-10-27 08:46:03.31,1,2,f
549,56,11,1,2021-07-09 10:56:45,2021-10-27 08:45:31.111,1,2,f
550,57,11,1,2021-07-09 10:56:47,2021-10-27 08:45:31.111,1,2,f
551,1,12,1,2021-07-09 10:56:54,2021-10-27 08:46:03.308,1,2,f
552,2,12,1,2021-07-09 10:56:56,2021-10-27 08:46:03.308,1,2,f
553,3,12,1,2021-07-09 10:56:59,2021-10-27 08:46:03.308,1,2,f
554,4,12,1,2021-07-09 10:57:01,2021-10-27 08:46:03.309,1,2,f
555,5,12,1,2021-07-09 10:57:03,2021-10-27 08:46:03.309,1,2,f
556,8,12,1,2021-07-09 10:57:06,2021-10-27 08:46:03.309,1,2,f
557,9,12,1,2021-07-09 10:57:08,2021-10-27 08:46:03.309,1,2,f
558,10,12,1,2021-07-09 10:57:10,2021-10-27 08:46:03.309,1,2,f
559,11,12,1,2021-07-09 10:57:14,2021-10-27 08:46:03.309,1,2,f
560,12,12,1,2021-07-09 10:57:18,2021-10-27 08:46:03.31,1,2,f
561,13,12,1,2021-07-09 10:57:21,2021-10-27 08:46:03.31,1,2,f
562,14,12,1,2021-07-09 10:57:24,2021-10-27 08:46:03.31,1,2,f
563,15,12,1,2021-07-09 10:57:26,2021-10-27 08:46:03.31,1,2,f
564,16,12,1,2021-07-09 10:56:45,2021-10-27 08:45:31.111,1,2,f
565,17,12,1,2021-07-09 10:56:47,2021-10-27 08:45:31.111,1,2,f
566,18,12,1,2021-07-09 10:56:49,2021-10-27 08:45:31.111,1,2,f
567,19,12,1,2021-07-09 10:56:52,2021-10-27 08:45:31.111,1,2,f
568,20,12,1,2021-07-09 10:56:42,2021-10-27 08:42:30.719,1,2,f
569,21,12,1,2021-10-26 16:43:20.164,2021-10-27 08:45:31.111,1,2,f
570,22,12,1,2021-10-26 16:43:50.713,2021-10-27 08:45:31.111,1,2,f
571,23,12,1,2021-07-09 10:56:54,2021-10-27 08:46:03.308,1,2,f
572,24,12,1,2021-07-09 10:56:56,2021-10-27 08:46:03.308,1,2,f
573,25,12,1,2021-07-09 10:56:59,2021-10-27 08:46:03.308,1,2,f
574,26,12,1,2021-07-09 10:57:01,2021-10-27 08:46:03.309,1,2,f
575,27,13,1,2021-07-09 10:57:03,2021-10-27 08:46:03.309,1,2,f
576,28,13,1,2021-07-09 10:57:06,2021-10-27 08:46:03.309,1,2,f
577,29,13,1,2021-07-09 10:57:08,2021-10-27 08:46:03.309,1,2,f
578,30,13,1,2021-07-09 10:57:10,2021-10-27 08:46:03.309,1,2,f
579,31,13,1,2021-07-09 10:57:14,2021-10-27 08:46:03.309,1,2,f
580,32,13,1,2021-07-09 10:57:18,2021-10-27 08:46:03.31,1,2,f
581,33,13,1,2021-07-09 10:57:21,2021-10-27 08:46:03.31,1,2,f
582,34,13,1,2021-07-09 10:57:24,2021-10-27 08:46:03.31,1,2,f
583,35,13,1,2021-07-09 10:57:26,2021-10-27 08:46:03.31,1,2,f
584,36,13,1,2021-07-09 10:56:45,2021-10-27 08:45:31.111,1,2,f
585,37,13,1,2021-07-09 10:56:47,2021-10-27 08:45:31.111,1,2,f
586,38,13,1,2021-07-09 10:56:49,2021-10-27 08:45:31.111,1,2,f
587,39,13,1,2021-07-09 10:56:52,2021-10-27 08:45:31.111,1,2,f
588,40,13,1,2021-07-09 10:56:42,2021-10-27 08:42:30.719,1,2,f
589,41,13,1,2021-10-26 16:43:20.164,2021-10-27 08:45:31.111,1,2,f
590,42,13,1,2021-10-26 16:43:50.713,2021-10-27 08:45:31.111,1,2,f
591,43,13,1,2021-07-09 10:56:54,2021-10-27 08:46:03.308,1,2,f
592,44,13,1,2021-07-09 10:56:56,2021-10-27 08:46:03.308,1,2,f
593,45,13,1,2021-07-09 10:56:59,2021-10-27 08:46:03.308,1,2,f
594,46,13,1,2021-07-09 10:57:01,2021-10-27 08:46:03.309,1,2,f
595,47,13,1,2021-07-09 10:57:03,2021-10-27 08:46:03.309,1,2,f
596,48,13,1,2021-07-09 10:57:06,2021-10-27 08:46:03.309,1,2,f
597,49,13,1,2021-07-09 10:57:08,2021-10-27 08:46:03.309,1,2,f
598,50,13,1,2021-07-09 10:57:10,2021-10-27 08:46:03.309,1,2,f
599,51,13,1,2021-07-09 10:57:14,2021-10-27 08:46:03.309,1,2,f
600,52,13,1,2021-07-09 10:57:18,2021-10-27 08:46:03.31,1,2,f
601,53,13,1,2021-07-09 10:57:21,2021-10-27 08:46:03.31,1,2,f
602,54,13,1,2021-07-09 10:57:24,2021-10-27 08:46:03.31,1,2,f
603,55,13,1,2021-07-09 10:57:26,2021-10-27 08:46:03.31,1,2,f
604,56,13,1,2021-07-09 10:56:45,2021-10-27 08:45:31.111,1,2,f
605,57,13,1,2021-07-09 10:56:47,2021-10-27 08:45:31.111,1,2,f
606,1,14,1,2021-07-09 10:56:54,2021-10-27 08:46:03.308,1,2,f
607,2,14,1,2021-07-09 10:56:56,2021-10-27 08:46:03.308,1,2,f
608,3,14,1,2021-07-09 10:56:59,2021-10-27 08:46:03.308,1,2,f
609,4,14,1,2021-07-09 10:57:01,2021-10-27 08:46:03.309,1,2,f
610,5,14,1,2021-07-09 10:57:03,2021-10-27 08:46:03.309,1,2,f
611,8,14,1,2021-07-09 10:57:06,2021-10-27 08:46:03.309,1,2,f
612,9,14,1,2021-07-09 10:57:08,2021-10-27 08:46:03.309,1,2,f
613,10,14,1,2021-07-09 10:57:10,2021-10-27 08:46:03.309,1,2,f
614,11,14,1,2021-07-09 10:57:14,2021-10-27 08:46:03.309,1,2,f
615,12,14,1,2021-07-09 10:57:18,2021-10-27 08:46:03.31,1,2,f
616,13,14,1,2021-07-09 10:57:21,2021-10-27 08:46:03.31,1,2,f
617,14,14,1,2021-07-09 10:57:24,2021-10-27 08:46:03.31,1,2,f
618,15,14,1,2021-07-09 10:57:26,2021-10-27 08:46:03.31,1,2,f
619,16,14,1,2021-07-09 10:56:45,2021-10-27 08:45:31.111,1,2,f
620,17,14,1,2021-07-09 10:56:47,2021-10-27 08:45:31.111,1,2,f
621,18,14,1,2021-07-09 10:56:49,2021-10-27 08:45:31.111,1,2,f
622,19,14,1,2021-07-09 10:56:52,2021-10-27 08:45:31.111,1,2,f
623,20,14,1,2021-07-09 10:56:42,2021-10-27 08:42:30.719,1,2,f
624,21,14,1,2021-10-26 16:43:20.164,2021-10-27 08:45:31.111,1,2,f
625,22,14,1,2021-10-26 16:43:50.713,2021-10-27 08:45:31.111,1,2,f
626,23,14,1,2021-07-09 10:56:54,2021-10-27 08:46:03.308,1,2,f
627,24,14,1,2021-07-09 10:56:56,2021-10-27 08:46:03.308,1,2,f
628,25,14,1,2021-07-09 10:56:59,2021-10-27 08:46:03.308,1,2,f
629,26,14,1,2021-07-09 10:57:01,2021-10-27 08:46:03.309,1,2,f
630,27,15,1,2021-07-09 10:57:03,2021-10-27 08:46:03.309,1,2,f
631,28,15,1,2021-07-09 10:57:06,2021-10-27 08:46:03.309,1,2,f
632,29,15,1,2021-07-09 10:57:08,2021-10-27 08:46:03.309,1,2,f
633,30,15,1,2021-07-09 10:57:10,2021-10-27 08:46:03.309,1,2,f
634,31,15,1,2021-07-09 10:57:14,2021-10-27 08:46:03.309,1,2,f
635,32,15,1,2021-07-09 10:57:18,2021-10-27 08:46:03.31,1,2,f
636,33,15,1,2021-07-09 10:57:21,2021-10-27 08:46:03.31,1,2,f
637,34,15,1,2021-07-09 10:57:24,2021-10-27 08:46:03.31,1,2,f
638,35,15,1,2021-07-09 10:57:26,2021-10-27 08:46:03.31,1,2,f
639,36,15,1,2021-07-09 10:56:45,2021-10-27 08:45:31.111,1,2,f
640,37,15,1,2021-07-09 10:56:47,2021-10-27 08:45:31.111,1,2,f
641,38,15,1,2021-07-09 10:56:49,2021-10-27 08:45:31.111,1,2,f
642,39,15,1,2021-07-09 10:56:52,2021-10-27 08:45:31.111,1,2,f
643,40,15,1,2021-07-09 10:56:42,2021-10-27 08:42:30.719,1,2,f
644,41,15,1,2021-10-26 16:43:20.164,2021-10-27 08:45:31.111,1,2,f
645,42,15,1,2021-10-26 16:43:50.713,2021-10-27 08:45:31.111,1,2,f
646,43,15,1,2021-07-09 10:56:54,2021-10-27 08:46:03.308,1,2,f
647,44,15,1,2021-07-09 10:56:56,2021-10-27 08:46:03.308,1,2,f
648,45,15,1,2021-07-09 10:56:59,2021-10-27 08:46:03.308,1,2,f
649,46,15,1,2021-07-09 10:57:01,2021-10-27 08:46:03.309,1,2,f
650,47,15,1,2021-07-09 10:57:03,2021-10-27 08:46:03.309,1,2,f
651,48,15,1,2021-07-09 10:57:06,2021-10-27 08:46:03.309,1,2,f
652,49,15,1,2021-07-09 10:57:08,2021-10-27 08:46:03.309,1,2,f
653,50,15,1,2021-07-09 10:57:10,2021-10-27 08:46:03.309,1,2,f
654,51,15,1,2021-07-09 10:57:14,2021-10-27 08:46:03.309,1,2,f
655,52,15,1,2021-07-09 10:57:18,2021-10-27 08:46:03.31,1,2,f
656,53,15,1,2021-07-09 10:57:21,2021-10-27 08:46:03.31,1,2,f
657,54,15,1,2021-07-09 10:57:24,2021-10-27 08:46:03.31,1,2,f
658,55,15,1,2021-07-09 10:57:26,2021-10-27 08:46:03.31,1,2,f
659,56,15,1,2021-07-09 10:56:45,2021-10-27 08:45:31.111,1,2,f
660,57,15,1,2021-07-09 10:56:47,2021-10-27 08:45:31.111,1,2,f
661,1,15,1,2021-07-09 10:56:54,2021-10-27 08:46:03.308,1,2,f
662,2,15,1,2021-07-09 10:56:56,2021-10-27 08:46:03.308,1,2,f
663,3,15,1,2021-07-09 10:56:59,2021-10-27 08:46:03.308,1,2,f
664,4,15,1,2021-07-09 10:57:01,2021-10-27 08:46:03.309,1,2,f
665,5,15,1,2021-07-09 10:57:03,2021-10-27 08:46:03.309,1,2,f
666,8,15,1,2021-07-09 10:57:06,2021-10-27 08:46:03.309,1,2,f
667,9,15,1,2021-07-09 10:57:08,2021-10-27 08:46:03.309,1,2,f
668,10,15,1,2021-07-09 10:57:10,2021-10-27 08:46:03.309,1,2,f
669,11,15,1,2021-07-09 10:57:14,2021-10-27 08:46:03.309,1,2,f
670,12,15,1,2021-07-09 10:57:18,2021-10-27 08:46:03.31,1,2,f
671,13,15,1,2021-07-09 10:57:21,2021-10-27 08:46:03.31,1,2,f
672,14,15,1,2021-07-09 10:57:24,2021-10-27 08:46:03.31,1,2,f
673,15,15,1,2021-07-09 10:57:26,2021-10-27 08:46:03.31,1,2,f
674,16,15,1,2021-07-09 10:56:45,2021-10-27 08:45:31.111,1,2,f
675,17,15,1,2021-07-09 10:56:47,2021-10-27 08:45:31.111,1,2,f
676,18,15,1,2021-07-09 10:56:49,2021-10-27 08:45:31.111,1,2,f
677,19,15,1,2021-07-09 10:56:52,2021-10-27 08:45:31.111,1,2,f
678,20,15,1,2021-07-09 10:56:42,2021-10-27 08:42:30.719,1,2,f
679,21,15,1,2021-10-26 16:43:20.164,2021-10-27 08:45:31.111,1,2,f
680,22,15,1,2021-10-26 16:43:50.713,2021-10-27 08:45:31.111,1,2,f
681,23,15,1,2021-07-09 10:56:54,2021-10-27 08:46:03.308,1,2,f
682,24,15,1,2021-07-09 10:56:56,2021-10-27 08:46:03.308,1,2,f
683,25,15,1,2021-07-09 10:56:59,2021-10-27 08:46:03.308,1,2,f
684,26,15,1,2021-07-09 10:57:01,2021-10-27 08:46:03.309,1,2,f
685,27,17,1,2021-07-09 10:57:03,2021-10-27 08:46:03.309,1,2,f
686,28,17,1,2021-07-09 10:57:06,2021-10-27 08:46:03.309,1,2,f
687,29,17,1,2021-07-09 10:57:08,2021-10-27 08:46:03.309,1,2,f
688,30,17,1,2021-07-09 10:57:10,2021-10-27 08:46:03.309,1,2,f
689,31,17,1,2021-07-09 10:57:14,2021-10-27 08:46:03.309,1,2,f
690,32,17,1,2021-07-09 10:57:18,2021-10-27 08:46:03.31,1,2,f
691,33,17,1,2021-07-09 10:57:21,2021-10-27 08:46:03.31,1,2,f
692,34,17,1,2021-07-09 10:57:24,2021-10-27 08:46:03.31,1,2,f
693,35,17,1,2021-07-09 10:57:26,2021-10-27 08:46:03.31,1,2,f
694,36,17,1,2021-07-09 10:56:45,2021-10-27 08:45:31.111,1,2,f
695,37,17,1,2021-07-09 10:56:47,2021-10-27 08:45:31.111,1,2,f
696,38,17,1,2021-07-09 10:56:49,2021-10-27 08:45:31.111,1,2,f
697,39,17,1,2021-07-09 10:56:52,2021-10-27 08:45:31.111,1,2,f
698,40,17,1,2021-07-09 10:56:42,2021-10-27 08:42:30.719,1,2,f
699,41,17,1,2021-10-26 16:43:20.164,2021-10-27 08:45:31.111,1,2,f
700,42,17,1,2021-10-26 16:43:50.713,2021-10-27 08:45:31.111,1,2,f
701,43,17,1,2021-07-09 10:56:54,2021-10-27 08:46:03.308,1,2,f
702,44,17,1,2021-07-09 10:56:56,2021-10-27 08:46:03.308,1,2,f
703,45,17,1,2021-07-09 10:56:59,2021-10-27 08:46:03.308,1,2,f
704,46,17,1,2021-07-09 10:57:01,2021-10-27 08:46:03.309,1,2,f
705,47,17,1,2021-07-09 10:57:03,2021-10-27 08:46:03.309,1,2,f
706,48,17,1,2021-07-09 10:57:06,2021-10-27 08:46:03.309,1,2,f
707,49,17,1,2021-07-09 10:57:08,2021-10-27 08:46:03.309,1,2,f
708,50,17,1,2021-07-09 10:57:10,2021-10-27 08:46:03.309,1,2,f
709,51,17,1,2021-07-09 10:57:14,2021-10-27 08:46:03.309,1,2,f
710,52,17,1,2021-07-09 10:57:18,2021-10-27 08:46:03.31,1,2,f
711,53,17,1,2021-07-09 10:57:21,2021-10-27 08:46:03.31,1,2,f
712,54,17,1,2021-07-09 10:57:24,2021-10-27 08:46:03.31,1,2,f
713,55,17,1,2021-07-09 10:57:26,2021-10-27 08:46:03.31,1,2,f
714,56,17,1,2021-07-09 10:56:45,2021-10-27 08:45:31.111,1,2,f
715,57,17,1,2021-07-09 10:56:47,2021-10-27 08:45:31.111,1,2,f
716,1,18,1,2021-07-09 10:56:54,2021-10-27 08:46:03.308,1,2,f
717,2,18,1,2021-07-09 10:56:56,2021-10-27 08:46:03.308,1,2,f
718,3,18,1,2021-07-09 10:56:59,2021-10-27 08:46:03.308,1,2,f
719,4,18,1,2021-07-09 10:57:01,2021-10-27 08:46:03.309,1,2,f
720,5,18,1,2021-07-09 10:57:03,2021-10-27 08:46:03.309,1,2,f
721,8,18,1,2021-07-09 10:57:06,2021-10-27 08:46:03.309,1,2,f
722,9,18,1,2021-07-09 10:57:08,2021-10-27 08:46:03.309,1,2,f
723,10,18,1,2021-07-09 10:57:10,2021-10-27 08:46:03.309,1,2,f
724,11,18,1,2021-07-09 10:57:14,2021-10-27 08:46:03.309,1,2,f
725,12,18,1,2021-07-09 10:57:18,2021-10-27 08:46:03.31,1,2,f
726,13,18,1,2021-07-09 10:57:21,2021-10-27 08:46:03.31,1,2,f
727,14,18,1,2021-07-09 10:57:24,2021-10-27 08:46:03.31,1,2,f
728,15,18,1,2021-07-09 10:57:26,2021-10-27 08:46:03.31,1,2,f
729,16,18,1,2021-07-09 10:56:45,2021-10-27 08:45:31.111,1,2,f
730,17,18,1,2021-07-09 10:56:47,2021-10-27 08:45:31.111,1,2,f
731,18,18,1,2021-07-09 10:56:49,2021-10-27 08:45:31.111,1,2,f
732,19,18,1,2021-07-09 10:56:52,2021-10-27 08:45:31.111,1,2,f
733,20,18,1,2021-07-09 10:56:42,2021-10-27 08:42:30.719,1,2,f
734,21,18,1,2021-10-26 16:43:20.164,2021-10-27 08:45:31.111,1,2,f
735,22,18,1,2021-10-26 16:43:50.713,2021-10-27 08:45:31.111,1,2,f
736,23,18,1,2021-07-09 10:56:54,2021-10-27 08:46:03.308,1,2,f
737,24,18,1,2021-07-09 10:56:56,2021-10-27 08:46:03.308,1,2,f
738,25,18,1,2021-07-09 10:56:59,2021-10-27 08:46:03.308,1,2,f
739,26,18,1,2021-07-09 10:57:01,2021-10-27 08:46:03.309,1,2,f
740,27,19,1,2021-07-09 10:57:03,2021-10-27 08:46:03.309,1,2,f
741,28,19,1,2021-07-09 10:57:06,2021-10-27 08:46:03.309,1,2,f
742,29,19,1,2021-07-09 10:57:08,2021-10-27 08:46:03.309,1,2,f
743,30,19,1,2021-07-09 10:57:10,2021-10-27 08:46:03.309,1,2,f
744,31,19,1,2021-07-09 10:57:14,2021-10-27 08:46:03.309,1,2,f
745,32,19,1,2021-07-09 10:57:18,2021-10-27 08:46:03.31,1,2,f
746,33,19,1,2021-07-09 10:57:21,2021-10-27 08:46:03.31,1,2,f
747,34,19,1,2021-07-09 10:57:24,2021-10-27 08:46:03.31,1,2,f
748,35,19,1,2021-07-09 10:57:26,2021-10-27 08:46:03.31,1,2,f
749,36,19,1,2021-07-09 10:56:45,2021-10-27 08:45:31.111,1,2,f
750,37,19,1,2021-07-09 10:56:47,2021-10-27 08:45:31.111,1,2,f
751,38,19,1,2021-07-09 10:56:49,2021-10-27 08:45:31.111,1,2,f
752,39,19,1,2021-07-09 10:56:52,2021-10-27 08:45:31.111,1,2,f
753,40,19,1,2021-07-09 10:56:42,2021-10-27 08:42:30.719,1,2,f
754,41,19,1,2021-10-26 16:43:20.164,2021-10-27 08:45:31.111,1,2,f
755,42,19,1,2021-10-26 16:43:50.713,2021-10-27 08:45:31.111,1,2,f
756,43,19,1,2021-07-09 10:56:54,2021-10-27 08:46:03.308,1,2,f
757,44,19,1,2021-07-09 10:56:56,2021-10-27 08:46:03.308,1,2,f
758,45,19,1,2021-07-09 10:56:59,2021-10-27 08:46:03.308,1,2,f
759,46,19,1,2021-07-09 10:57:01,2021-10-27 08:46:03.309,1,2,f
760,47,19,1,2021-07-09 10:57:03,2021-10-27 08:46:03.309,1,2,f
761,48,19,1,2021-07-09 10:57:06,2021-10-27 08:46:03.309,1,2,f
762,49,19,1,2021-07-09 10:57:08,2021-10-27 08:46:03.309,1,2,f
763,50,19,1,2021-07-09 10:57:10,2021-10-27 08:46:03.309,1,2,f
764,51,19,1,2021-07-09 10:57:14,2021-10-27 08:46:03.309,1,2,f
765,52,19,1,2021-07-09 10:57:18,2021-10-27 08:46:03.31,1,2,f
766,53,19,1,2021-07-09 10:57:21,2021-10-27 08:46:03.31,1,2,f
767,54,19,1,2021-07-09 10:57:24,2021-10-27 08:46:03.31,1,2,f
768,55,19,1,2021-07-09 10:57:26,2021-10-27 08:46:03.31,1,2,f
769,56,19,1,2021-07-09 10:56:45,2021-10-27 08:45:31.111,1,2,f
770,57,19,1,2021-07-09 10:56:47,2021-10-27 08:45:31.111,1,2,f
771,1,20,1,2021-07-09 10:56:54,2021-10-27 08:46:03.308,1,2,f
772,2,20,1,2021-07-09 10:56:56,2021-10-27 08:46:03.308,1,2,f
773,3,20,1,2021-07-09 10:56:59,2021-10-27 08:46:03.308,1,2,f
774,4,20,1,2021-07-09 10:57:01,2021-10-27 08:46:03.309,1,2,f
775,5,20,1,2021-07-09 10:57:03,2021-10-27 08:46:03.309,1,2,f
776,8,20,1,2021-07-09 10:57:06,2021-10-27 08:46:03.309,1,2,f
777,9,20,1,2021-07-09 10:57:08,2021-10-27 08:46:03.309,1,2,f
778,10,20,1,2021-07-09 10:57:10,2021-10-27 08:46:03.309,1,2,f
779,11,20,1,2021-07-09 10:57:14,2021-10-27 08:46:03.309,1,2,f
780,12,20,1,2021-07-09 10:57:18,2021-10-27 08:46:03.31,1,2,f
781,13,20,1,2021-07-09 10:57:21,2021-10-27 08:46:03.31,1,2,f
782,14,20,1,2021-07-09 10:57:24,2021-10-27 08:46:03.31,1,2,f
783,15,20,1,2021-07-09 10:57:26,2021-10-27 08:46:03.31,1,2,f
784,16,20,1,2021-07-09 10:56:45,2021-10-27 08:45:31.111,1,2,f
785,17,20,1,2021-07-09 10:56:47,2021-10-27 08:45:31.111,1,2,f
786,18,20,1,2021-07-09 10:56:49,2021-10-27 08:45:31.111,1,2,f
787,19,20,1,2021-07-09 10:56:52,2021-10-27 08:45:31.111,1,2,f
788,20,20,1,2021-07-09 10:56:42,2021-10-27 08:42:30.719,1,2,f
789,21,20,1,2021-10-26 16:43:20.164,2021-10-27 08:45:31.111,1,2,f
790,22,20,1,2021-10-26 16:43:50.713,2021-10-27 08:45:31.111,1,2,f
791,23,20,1,2021-07-09 10:56:54,2021-10-27 08:46:03.308,1,2,f
792,24,20,1,2021-07-09 10:56:56,2021-10-27 08:46:03.308,1,2,f
793,25,20,1,2021-07-09 10:56:59,2021-10-27 08:46:03.308,1,2,f
794,26,20,1,2021-07-09 10:57:01,2021-10-27 08:46:03.309,1,2,f
795,27,21,1,2021-07-09 10:57:03,2021-10-27 08:46:03.309,1,2,f
796,28,21,1,2021-07-09 10:57:06,2021-10-27 08:46:03.309,1,2,f
797,29,21,1,2021-07-09 10:57:08,2021-10-27 08:46:03.309,1,2,f
798,30,21,1,2021-07-09 10:57:10,2021-10-27 08:46:03.309,1,2,f
799,31,21,1,2021-07-09 10:57:14,2021-10-27 08:46:03.309,1,2,f
800,32,21,1,2021-07-09 10:57:18,2021-10-27 08:46:03.31,1,2,f
801,33,21,1,2021-07-09 10:57:21,2021-10-27 08:46:03.31,1,2,f
802,34,21,1,2021-07-09 10:57:24,2021-10-27 08:46:03.31,1,2,f
803,35,21,1,2021-07-09 10:57:26,2021-10-27 08:46:03.31,1,2,f
804,36,21,1,2021-07-09 10:56:45,2021-10-27 08:45:31.111,1,2,f
805,37,21,1,2021-07-09 10:56:47,2021-10-27 08:45:31.111,1,2,f
806,38,21,1,2021-07-09 10:56:49,2021-10-27 08:45:31.111,1,2,f
807,39,21,1,2021-07-09 10:56:52,2021-10-27 08:45:31.111,1,2,f
808,40,21,1,2021-07-09 10:56:42,2021-10-27 08:42:30.719,1,2,f
809,41,21,1,2021-10-26 16:43:20.164,2021-10-27 08:45:31.111,1,2,f
810,42,21,1,2021-10-26 16:43:50.713,2021-10-27 08:45:31.111,1,2,f
811,43,21,1,2021-07-09 10:56:54,2021-10-27 08:46:03.308,1,2,f
812,44,21,1,2021-07-09 10:56:56,2021-10-27 08:46:03.308,1,2,f
813,45,21,1,2021-07-09 10:56:59,2021-10-27 08:46:03.308,1,2,f
814,46,21,1,2021-07-09 10:57:01,2021-10-27 08:46:03.309,1,2,f
815,47,22,1,2021-07-09 10:57:03,2021-10-27 08:46:03.309,1,2,f
816,48,22,1,2021-07-09 10:57:06,2021-10-27 08:46:03.309,1,2,f
817,49,22,1,2021-07-09 10:57:08,2021-10-27 08:46:03.309,1,2,f
818,50,22,1,2021-07-09 10:57:10,2021-10-27 08:46:03.309,1,2,f
819,51,22,1,2021-07-09 10:57:14,2021-10-27 08:46:03.309,1,2,f
820,52,22,1,2021-07-09 10:57:18,2021-10-27 08:46:03.31,1,2,f
821,53,22,1,2021-07-09 10:57:21,2021-10-27 08:46:03.31,1,2,f
822,54,22,1,2021-07-09 10:57:24,2021-10-27 08:46:03.31,1,2,f
823,55,22,1,2021-07-09 10:57:26,2021-10-27 08:46:03.31,1,2,f
824,56,22,1,2021-07-09 10:56:45,2021-10-27 08:45:31.111,1,2,f
825,57,22,1,2021-07-09 10:56:47,2021-10-27 08:45:31.111,1,2,f
