10,12,1,3,0,2,2021-11-08 11:26:10,1,2021-11-08 11:27:30,1,f
16,18,1,5,0,2,2021-11-08 11:26:10,1,2021-11-08 11:27:30,1,f
12,14,1,1,0,2,2021-11-08 11:26:20,1,2021-11-08 11:26:42,1,f
13,15,1,2,2,2,2021-11-08 11:26:21,1,2021-09-08 11:27:01,1,f
9,11,1,2,2,2,2021-11-08 11:26:21,1,2021-09-08 11:27:01,1,f
14,16,1,3,0,2,2021-11-08 11:26:20,1,2021-11-08 11:26:42,1,f
11,13,1,4,0,2,2021-11-08 11:26:20,1,2021-11-08 11:26:42,1,f
15,17,1,4,0,2,2021-11-08 11:26:10,1,2021-11-08 11:27:30,1,f
17,19,1,1,1,2,2021-11-08 11:26:17,1,2021-10-14 11:27:21,1,f
18,20,1,2,2,2,2021-11-08 11:26:19,1,2021-09-08 11:26:48,1,f
19,21,1,3,1,2,2021-11-08 11:26:18,1,2021-09-08 11:26:52,1,f
20,22,1,1,1,2,2021-11-08 11:26:10,1,2021-11-08 11:27:30,1,f
21,23,1,2,1,2,2021-11-08 11:26:20,1,2021-09-08 11:26:42,1,f
22,24,1,3,1,2,2021-11-08 11:26:16,1,2021-10-08 11:27:05,1,f
23,25,1,1,1,2,2021-11-08 11:26:02,1,2021-10-08 11:27:17,1,f
24,26,1,2,1,2,2021-11-08 11:26:14,1,2021-09-08 11:26:57,1,f
25,27,1,3,1,2,2021-11-08 11:26:21,1,2021-09-08 11:27:01,1,f
26,28,1,1,1,2,2021-11-08 11:26:10,1,2021-11-08 11:27:30,1,f
27,29,1,2,1,2,2021-11-08 11:26:20,1,2021-11-08 11:26:42,1,f
28,30,1,3,1,2,2021-11-08 11:26:20,1,2021-11-08 11:26:42,1,f
29,31,1,1,1,2,2021-11-08 11:26:21,1,2021-09-08 11:27:01,1,f
30,32,1,2,1,2,2021-11-08 11:26:20,1,2021-11-08 11:26:42,1,f
31,33,1,3,1,2,2021-11-08 11:26:10,1,2021-11-08 11:27:30,1,f
32,34,1,1,1,2,2021-11-08 11:26:10,1,2021-11-08 11:27:30,1,f
33,35,1,2,1,2,2021-11-08 11:26:17,1,2021-10-14 11:27:21,1,f
34,36,1,3,1,2,2021-11-08 11:26:19,1,2021-09-08 11:26:48,1,f
35,37,1,1,2,2,2021-11-08 11:26:18,1,2021-09-08 11:26:52,1,f
36,38,1,2,1,2,2021-11-08 11:26:10,1,2021-11-08 11:27:30,1,f
37,39,1,3,1,2,2021-11-08 11:26:20,1,2021-09-08 11:26:42,1,f
38,40,1,1,1,2,2021-11-08 11:26:16,1,2021-10-08 11:27:05,1,f
39,41,1,2,1,2,2021-11-08 11:26:02,1,2021-10-08 11:27:17,1,f
40,42,1,3,2,2,2021-11-08 11:26:14,1,2021-09-08 11:26:57,1,f
41,43,1,1,2,2,2021-11-08 11:26:21,1,2021-09-08 11:27:01,1,f
42,44,1,2,1,2,2021-11-08 11:26:10,1,2021-11-08 11:27:30,1,f
43,45,1,3,1,2,2021-11-08 11:26:20,1,2021-11-08 11:26:42,1,f
44,46,1,1,1,2,2021-11-08 11:26:20,1,2021-11-08 11:26:42,1,f
45,47,1,2,2,2,2021-11-08 11:26:21,1,2021-09-08 11:27:01,1,f
46,48,1,3,1,2,2021-11-08 11:26:20,1,2021-11-08 11:26:42,1,f
47,49,1,1,2,2,2021-11-08 11:26:10,1,2021-11-08 11:27:30,1,f
48,50,1,2,1,2,2021-11-08 11:26:10,1,2021-11-08 11:27:30,1,f
49,51,1,3,2,2,2021-11-08 11:26:17,1,2021-10-14 11:27:21,1,f
50,52,1,1,1,2,2021-11-08 11:26:19,1,2021-09-08 11:26:48,1,f
51,53,1,2,1,2,2021-11-08 11:26:18,1,2021-09-08 11:26:52,1,f
6,8,1,1,1,2,2021-11-08 11:26:16,1,2021-10-08 11:27:05,1,f
3,3,1,1,1,2,2021-11-08 11:26:18,1,2021-09-08 11:26:52,1,f
8,10,1,1,0,2,2021-11-08 11:26:14,1,2021-09-08 11:26:57,1,f
7,9,1,1,1,2,2021-11-08 11:26:02,1,2021-10-08 11:27:17,1,f
4,4,1,1,0,2,2021-11-08 11:26:10,1,2021-11-08 11:27:30,1,f
1,1,1,1,0,2,2021-11-08 11:26:17,1,2021-10-14 11:27:21,1,f
5,5,1,1,1,2,2021-11-08 11:26:20,1,2021-09-08 11:26:42,1,f
2,2,1,1,1,2,2021-11-08 11:26:19,1,2021-09-08 11:26:48,1,f
52,54,1,3,1,2,2021-11-08 11:26:10,1,2021-11-08 11:27:30,1,f
53,55,1,1,1,2,2021-11-08 11:26:20,1,2021-09-08 11:26:42,1,f
54,56,1,2,1,2,2021-11-08 11:26:16,1,2021-10-08 11:27:05,1,f
55,57,1,3,1,2,2021-11-08 11:26:02,1,2021-10-08 11:27:17,1,f
56,1,2,3,0,2,2021-11-08 11:26:14,1,2021-09-08 11:26:57,1,f
57,2,2,4,1,2,2021-11-08 11:26:21,1,2021-09-08 11:27:01,1,f
58,3,2,3,1,2,2021-11-08 11:26:10,1,2021-11-08 11:27:30,1,f
59,4,2,4,0,2,2021-11-08 11:26:20,1,2021-11-08 11:26:42,1,f
60,5,2,3,1,2,2021-11-08 11:26:20,1,2021-11-08 11:26:42,1,f
61,8,2,5,1,2,2021-11-08 11:26:21,1,2021-09-08 11:27:01,1,f
62,9,2,2,1,2,2021-11-08 11:26:20,1,2021-11-08 11:26:42,1,f
63,10,2,3,0,2,2021-11-08 11:26:10,1,2021-11-08 11:27:30,1,f
64,11,2,4,2,2,2021-11-08 11:26:10,1,2021-11-08 11:27:30,1,f
65,12,2,5,0,2,2021-11-08 11:26:17,1,2021-10-14 11:27:21,1,f
66,13,2,4,0,2,2021-11-08 11:26:19,1,2021-09-08 11:26:48,1,f
67,14,2,3,0,2,2021-11-08 11:26:18,1,2021-09-08 11:26:52,1,f
68,15,2,2,2,2,2021-11-08 11:26:10,1,2021-11-08 11:27:30,1,f
69,16,2,3,0,2,2021-11-08 11:26:20,1,2021-09-08 11:26:42,1,f
70,17,2,4,0,2,2021-11-08 11:26:16,1,2021-10-08 11:27:05,1,f
71,18,2,5,0,2,2021-11-08 11:26:02,1,2021-10-08 11:27:17,1,f
72,19,2,3,1,2,2021-11-08 11:26:14,1,2021-09-08 11:26:57,1,f
73,20,2,4,2,2,2021-11-08 11:26:21,1,2021-09-08 11:27:01,1,f
74,21,2,3,1,2,2021-11-08 11:26:10,1,2021-11-08 11:27:30,1,f
75,22,2,4,1,2,2021-11-08 11:26:20,1,2021-11-08 11:26:42,1,f
76,23,2,3,1,2,2021-11-08 11:26:20,1,2021-11-08 11:26:42,1,f
77,24,2,5,1,2,2021-11-08 11:26:21,1,2021-09-08 11:27:01,1,f
78,25,2,2,1,2,2021-11-08 11:26:20,1,2021-11-08 11:26:42,1,f
79,26,2,3,1,2,2021-11-08 11:26:10,1,2021-11-08 11:27:30,1,f
80,27,2,4,1,2,2021-11-08 11:26:10,1,2021-11-08 11:27:30,1,f
81,28,2,5,1,2,2021-11-08 11:26:17,1,2021-10-14 11:27:21,1,f
82,29,2,4,1,2,2021-11-08 11:26:19,1,2021-09-08 11:26:48,1,f
83,30,2,3,1,2,2021-11-08 11:26:18,1,2021-09-08 11:26:52,1,f
84,31,2,2,1,2,2021-11-08 11:26:10,1,2021-11-08 11:27:30,1,f
85,32,2,3,1,2,2021-11-08 11:26:20,1,2021-09-08 11:26:42,1,f
86,33,2,4,1,2,2021-11-08 11:26:16,1,2021-10-08 11:27:05,1,f
87,34,2,5,1,2,2021-11-08 11:26:02,1,2021-10-08 11:27:17,1,f
88,35,2,3,1,2,2021-11-08 11:26:14,1,2021-09-08 11:26:57,1,f
89,36,2,4,1,2,2021-11-08 11:26:21,1,2021-09-08 11:27:01,1,f
90,37,2,3,2,2,2021-11-08 11:26:10,1,2021-11-08 11:27:30,1,f
91,38,2,4,1,2,2021-11-08 11:26:20,1,2021-11-08 11:26:42,1,f
92,39,2,3,1,2,2021-11-08 11:26:20,1,2021-11-08 11:26:42,1,f
93,40,2,5,1,2,2021-11-08 11:26:21,1,2021-09-08 11:27:01,1,f
94,41,2,2,1,2,2021-11-08 11:26:20,1,2021-11-08 11:26:42,1,f
95,42,2,3,2,2,2021-11-08 11:26:10,1,2021-11-08 11:27:30,1,f
96,43,2,4,2,2,2021-11-08 11:26:10,1,2021-11-08 11:27:30,1,f
97,44,2,5,1,2,2021-11-08 11:26:17,1,2021-10-14 11:27:21,1,f
98,45,2,4,1,2,2021-11-08 11:26:19,1,2021-09-08 11:26:48,1,f
99,46,2,3,1,2,2021-11-08 11:26:18,1,2021-09-08 11:26:52,1,f
100,47,2,2,2,2,2021-11-08 11:26:10,1,2021-11-08 11:27:30,1,f
101,48,2,3,1,2,2021-11-08 11:26:20,1,2021-09-08 11:26:42,1,f
102,49,2,4,2,2,2021-11-08 11:26:16,1,2021-10-08 11:27:05,1,f
103,50,2,5,1,2,2021-11-08 11:26:02,1,2021-10-08 11:27:17,1,f
104,51,2,3,2,2,2021-11-08 11:26:14,1,2021-09-08 11:26:57,1,f
105,52,2,4,1,2,2021-11-08 11:26:21,1,2021-09-08 11:27:01,1,f
106,53,2,3,1,2,2021-11-08 11:26:10,1,2021-11-08 11:27:30,1,f
107,54,2,4,1,2,2021-11-08 11:26:20,1,2021-11-08 11:26:42,1,f
108,55,2,3,1,2,2021-11-08 11:26:20,1,2021-11-08 11:26:42,1,f
109,56,2,5,1,2,2021-11-08 11:26:21,1,2021-09-08 11:27:01,1,f
110,57,2,2,1,2,2021-11-08 11:26:20,1,2021-11-08 11:26:42,1,f
111,1,2,3,0,2,2021-11-08 11:26:10,1,2021-11-08 11:27:30,1,f
112,2,2,4,1,2,2021-11-08 11:26:10,1,2021-11-08 11:27:30,1,f
113,3,2,5,1,2,2021-11-08 11:26:17,1,2021-10-14 11:27:21,1,f
114,4,2,4,0,2,2021-11-08 11:26:19,1,2021-09-08 11:26:48,1,f
115,5,2,3,1,2,2021-11-08 11:26:18,1,2021-09-08 11:26:52,1,f
116,8,2,2,1,2,2021-11-08 11:26:10,1,2021-11-08 11:27:30,1,f
117,9,2,3,1,2,2021-11-08 11:26:20,1,2021-09-08 11:26:42,1,f
118,10,2,4,0,2,2021-11-08 11:26:16,1,2021-10-08 11:27:05,1,f
119,11,2,5,2,2,2021-11-08 11:26:02,1,2021-10-08 11:27:17,1,f
120,12,2,3,0,2,2021-11-08 11:26:14,1,2021-09-08 11:26:57,1,f
121,13,2,4,0,2,2021-11-08 11:26:21,1,2021-09-08 11:27:01,1,f
122,14,2,3,0,2,2021-11-08 11:26:10,1,2021-11-08 11:27:30,1,f
123,15,2,4,2,2,2021-11-08 11:26:20,1,2021-11-08 11:26:42,1,f
124,16,2,3,0,2,2021-11-08 11:26:20,1,2021-11-08 11:26:42,1,f
125,17,2,5,0,2,2021-11-08 11:26:21,1,2021-09-08 11:27:01,1,f
126,18,2,2,0,2,2021-11-08 11:26:20,1,2021-11-08 11:26:42,1,f
127,19,2,3,1,2,2021-11-08 11:26:10,1,2021-11-08 11:27:30,1,f
128,20,2,4,2,2,2021-11-08 11:26:10,1,2021-11-08 11:27:30,1,f
129,21,2,5,1,2,2021-11-08 11:26:17,1,2021-10-14 11:27:21,1,f
130,22,2,4,1,2,2021-11-08 11:26:19,1,2021-09-08 11:26:48,1,f
131,23,2,3,1,2,2021-11-08 11:26:18,1,2021-09-08 11:26:52,1,f
132,24,2,2,1,2,2021-11-08 11:26:10,1,2021-11-08 11:27:30,1,f
133,25,2,3,1,2,2021-11-08 11:26:20,1,2021-09-08 11:26:42,1,f
134,26,2,4,1,2,2021-11-08 11:26:16,1,2021-10-08 11:27:05,1,f
135,27,2,5,1,2,2021-11-08 11:26:02,1,2021-10-08 11:27:17,1,f
136,28,2,3,1,2,2021-11-08 11:26:14,1,2021-09-08 11:26:57,1,f
137,29,2,4,1,2,2021-11-08 11:26:21,1,2021-09-08 11:27:01,1,f
138,30,2,3,1,2,2021-11-08 11:26:10,1,2021-11-08 11:27:30,1,f
139,31,2,4,1,2,2021-11-08 11:26:20,1,2021-11-08 11:26:42,1,f
140,32,2,3,1,2,2021-11-08 11:26:20,1,2021-11-08 11:26:42,1,f
141,33,2,5,1,2,2021-11-08 11:26:21,1,2021-09-08 11:27:01,1,f
142,34,2,2,1,2,2021-11-08 11:26:20,1,2021-11-08 11:26:42,1,f
143,35,2,3,1,2,2021-11-08 11:26:10,1,2021-11-08 11:27:30,1,f
144,36,2,4,1,2,2021-11-08 11:26:10,1,2021-11-08 11:27:30,1,f
145,37,2,5,2,2,2021-11-08 11:26:17,1,2021-10-14 11:27:21,1,f
146,38,2,4,1,2,2021-11-08 11:26:19,1,2021-09-08 11:26:48,1,f
147,39,2,3,1,2,2021-11-08 11:26:18,1,2021-09-08 11:26:52,1,f
148,40,2,2,1,2,2021-11-08 11:26:10,1,2021-11-08 11:27:30,1,f
149,41,2,3,1,2,2021-11-08 11:26:20,1,2021-09-08 11:26:42,1,f
150,42,2,4,2,2,2021-11-08 11:26:16,1,2021-10-08 11:27:05,1,f
151,43,2,5,2,2,2021-11-08 11:26:02,1,2021-10-08 11:27:17,1,f
152,44,2,3,1,2,2021-11-08 11:26:14,1,2021-09-08 11:26:57,1,f
153,45,2,4,1,2,2021-11-08 11:26:21,1,2021-09-08 11:27:01,1,f
154,46,2,3,1,2,2021-11-08 11:26:10,1,2021-11-08 11:27:30,1,f
155,47,2,4,2,2,2021-11-08 11:26:20,1,2021-11-08 11:26:42,1,f
156,48,2,3,1,2,2021-11-08 11:26:20,1,2021-11-08 11:26:42,1,f
157,49,2,5,2,2,2021-11-08 11:26:21,1,2021-09-08 11:27:01,1,f
158,50,2,2,1,2,2021-11-08 11:26:20,1,2021-11-08 11:26:42,1,f
159,51,2,3,2,2,2021-11-08 11:26:10,1,2021-11-08 11:27:30,1,f
160,52,2,4,1,2,2021-11-08 11:26:10,1,2021-11-08 11:27:30,1,f
161,53,2,5,1,2,2021-11-08 11:26:17,1,2021-10-14 11:27:21,1,f
162,54,2,4,1,2,2021-11-08 11:26:19,1,2021-09-08 11:26:48,1,f
163,55,2,3,1,2,2021-11-08 11:26:18,1,2021-09-08 11:26:52,1,f
164,56,2,2,1,2,2021-11-08 11:26:10,1,2021-11-08 11:27:30,1,f
165,57,2,3,1,2,2021-11-08 11:26:20,1,2021-09-08 11:26:42,1,f
166,1,3,14,0,2,2021-11-08 11:26:16,1,2021-10-08 11:27:05,1,f
167,2,3,15,1,2,2021-11-08 11:26:02,1,2021-10-08 11:27:17,1,f
168,3,3,13,1,2,2021-11-08 11:26:14,1,2021-09-08 11:26:57,1,f
169,4,3,13,0,2,2021-11-08 11:26:21,1,2021-09-08 11:27:01,1,f
170,5,3,13,1,2,2021-11-08 11:26:10,1,2021-11-08 11:27:30,1,f
171,8,3,14,1,2,2021-11-08 11:26:20,1,2021-11-08 11:26:42,1,f
172,9,3,13,1,2,2021-11-08 11:26:20,1,2021-11-08 11:26:42,1,f
173,10,3,15,0,2,2021-11-08 11:26:21,1,2021-09-08 11:27:01,1,f
174,11,3,13,2,2,2021-11-08 11:26:20,1,2021-11-08 11:26:42,1,f
175,12,3,14,0,2,2021-11-08 11:26:10,1,2021-11-08 11:27:30,1,f
176,13,3,15,0,2,2021-11-08 11:26:10,1,2021-11-08 11:27:30,1,f
177,14,3,13,0,2,2021-11-08 11:26:17,1,2021-10-14 11:27:21,1,f
178,15,3,13,2,2,2021-11-08 11:26:19,1,2021-09-08 11:26:48,1,f
179,16,3,13,0,2,2021-11-08 11:26:18,1,2021-09-08 11:26:52,1,f
180,17,3,14,0,2,2021-11-08 11:26:10,1,2021-11-08 11:27:30,1,f
181,18,3,13,0,2,2021-11-08 11:26:20,1,2021-09-08 11:26:42,1,f
182,19,3,15,1,2,2021-11-08 11:26:16,1,2021-10-08 11:27:05,1,f
183,20,3,13,2,2,2021-11-08 11:26:02,1,2021-10-08 11:27:17,1,f
184,21,3,14,1,2,2021-11-08 11:26:14,1,2021-09-08 11:26:57,1,f
185,22,3,15,1,2,2021-11-08 11:26:21,1,2021-09-08 11:27:01,1,f
186,23,3,13,1,2,2021-11-08 11:26:10,1,2021-11-08 11:27:30,1,f
187,24,3,13,1,2,2021-11-08 11:26:20,1,2021-11-08 11:26:42,1,f
188,25,3,13,1,2,2021-11-08 11:26:20,1,2021-11-08 11:26:42,1,f
189,26,3,14,1,2,2021-11-08 11:26:21,1,2021-09-08 11:27:01,1,f
190,27,3,13,1,2,2021-11-08 11:26:20,1,2021-11-08 11:26:42,1,f
191,28,3,15,1,2,2021-11-08 11:26:10,1,2021-11-08 11:27:30,1,f
192,29,3,13,1,2,2021-11-08 11:26:10,1,2021-11-08 11:27:30,1,f
193,30,3,14,1,2,2021-11-08 11:26:17,1,2021-10-14 11:27:21,1,f
194,31,3,15,1,2,2021-11-08 11:26:19,1,2021-09-08 11:26:48,1,f
195,32,3,13,1,2,2021-11-08 11:26:18,1,2021-09-08 11:26:52,1,f
196,33,3,13,1,2,2021-11-08 11:26:10,1,2021-11-08 11:27:30,1,f
197,34,3,13,1,2,2021-11-08 11:26:20,1,2021-09-08 11:26:42,1,f
198,35,3,14,1,2,2021-11-08 11:26:16,1,2021-10-08 11:27:05,1,f
199,36,3,13,1,2,2021-11-08 11:26:02,1,2021-10-08 11:27:17,1,f
200,37,3,15,2,2,2021-11-08 11:26:14,1,2021-09-08 11:26:57,1,f
201,38,3,13,1,2,2021-11-08 11:26:21,1,2021-09-08 11:27:01,1,f
202,39,3,14,1,2,2021-11-08 11:26:10,1,2021-11-08 11:27:30,1,f
203,40,3,15,1,2,2021-11-08 11:26:20,1,2021-11-08 11:26:42,1,f
204,41,3,13,1,2,2021-11-08 11:26:20,1,2021-11-08 11:26:42,1,f
205,42,3,13,2,2,2021-11-08 11:26:21,1,2021-09-08 11:27:01,1,f
206,43,3,13,2,2,2021-11-08 11:26:20,1,2021-11-08 11:26:42,1,f
207,44,3,14,1,2,2021-11-08 11:26:10,1,2021-11-08 11:27:30,1,f
208,45,3,13,1,2,2021-11-08 11:26:10,1,2021-11-08 11:27:30,1,f
209,46,3,15,1,2,2021-11-08 11:26:17,1,2021-10-14 11:27:21,1,f
210,47,3,13,2,2,2021-11-08 11:26:19,1,2021-09-08 11:26:48,1,f
211,48,3,14,1,2,2021-11-08 11:26:18,1,2021-09-08 11:26:52,1,f
212,49,3,15,2,2,2021-11-08 11:26:10,1,2021-11-08 11:27:30,1,f
213,50,3,13,1,2,2021-11-08 11:26:20,1,2021-09-08 11:26:42,1,f
214,51,3,13,2,2,2021-11-08 11:26:16,1,2021-10-08 11:27:05,1,f
215,52,3,13,1,2,2021-11-08 11:26:02,1,2021-10-08 11:27:17,1,f
216,53,3,14,1,2,2021-11-08 11:26:14,1,2021-09-08 11:26:57,1,f
217,54,3,13,1,2,2021-11-08 11:26:21,1,2021-09-08 11:27:01,1,f
218,55,3,15,1,2,2021-11-08 11:26:10,1,2021-11-08 11:27:30,1,f
219,56,3,13,1,2,2021-11-08 11:26:20,1,2021-11-08 11:26:42,1,f
220,57,3,14,1,2,2021-11-08 11:26:20,1,2021-11-08 11:26:42,1,f
221,1,4,7,0,2,2021-11-08 11:26:21,1,2021-09-08 11:27:01,1,f
222,2,4,8,1,2,2021-11-08 11:26:20,1,2021-11-08 11:26:42,1,f
223,3,4,9,1,2,2021-11-08 11:26:10,1,2021-11-08 11:27:30,1,f
224,4,4,7,0,2,2021-11-08 11:26:10,1,2021-11-08 11:27:30,1,f
225,5,4,7,1,2,2021-11-08 11:26:17,1,2021-10-14 11:27:21,1,f
226,8,4,7,1,2,2021-11-08 11:26:19,1,2021-09-08 11:26:48,1,f
227,9,4,8,1,2,2021-11-08 11:26:18,1,2021-09-08 11:26:52,1,f
228,10,4,9,0,2,2021-11-08 11:26:10,1,2021-11-08 11:27:30,1,f
229,11,4,7,2,2,2021-11-08 11:26:20,1,2021-09-08 11:26:42,1,f
230,12,4,7,0,2,2021-11-08 11:26:16,1,2021-10-08 11:27:05,1,f
231,13,4,7,0,2,2021-11-08 11:26:02,1,2021-10-08 11:27:17,1,f
232,14,4,8,0,2,2021-11-08 11:26:14,1,2021-09-08 11:26:57,1,f
233,15,4,8,2,2,2021-11-08 11:26:21,1,2021-09-08 11:27:01,1,f
234,16,4,8,0,2,2021-11-08 11:26:10,1,2021-11-08 11:27:30,1,f
235,17,4,8,0,2,2021-11-08 11:26:20,1,2021-11-08 11:26:42,1,f
236,18,4,9,0,2,2021-11-08 11:26:20,1,2021-11-08 11:26:42,1,f
237,19,4,9,1,2,2021-11-08 11:26:21,1,2021-09-08 11:27:01,1,f
238,20,4,7,2,2,2021-11-08 11:26:20,1,2021-11-08 11:26:42,1,f
239,21,4,8,1,2,2021-11-08 11:26:10,1,2021-11-08 11:27:30,1,f
240,22,4,9,1,2,2021-11-08 11:26:10,1,2021-11-08 11:27:30,1,f
241,23,4,7,1,2,2021-11-08 11:26:17,1,2021-10-14 11:27:21,1,f
242,24,4,7,1,2,2021-11-08 11:26:19,1,2021-09-08 11:26:48,1,f
243,25,4,7,1,2,2021-11-08 11:26:18,1,2021-09-08 11:26:52,1,f
244,26,4,8,1,2,2021-11-08 11:26:10,1,2021-11-08 11:27:30,1,f
245,27,4,9,1,2,2021-11-08 11:26:20,1,2021-09-08 11:26:42,1,f
246,28,4,7,1,2,2021-11-08 11:26:16,1,2021-10-08 11:27:05,1,f
247,29,4,7,1,2,2021-11-08 11:26:02,1,2021-10-08 11:27:17,1,f
248,30,4,7,1,2,2021-11-08 11:26:14,1,2021-09-08 11:26:57,1,f
249,31,4,8,1,2,2021-11-08 11:26:21,1,2021-09-08 11:27:01,1,f
250,32,4,8,1,2,2021-11-08 11:26:10,1,2021-11-08 11:27:30,1,f
251,33,4,8,1,2,2021-11-08 11:26:20,1,2021-11-08 11:26:42,1,f
252,34,4,8,1,2,2021-11-08 11:26:20,1,2021-11-08 11:26:42,1,f
253,35,4,9,1,2,2021-11-08 11:26:21,1,2021-09-08 11:27:01,1,f
254,36,4,9,1,2,2021-11-08 11:26:20,1,2021-11-08 11:26:42,1,f
255,37,4,7,2,2,2021-11-08 11:26:10,1,2021-11-08 11:27:30,1,f
256,38,4,8,1,2,2021-11-08 11:26:10,1,2021-11-08 11:27:30,1,f
257,39,4,9,1,2,2021-11-08 11:26:17,1,2021-10-14 11:27:21,1,f
258,40,4,7,1,2,2021-11-08 11:26:19,1,2021-09-08 11:26:48,1,f
259,41,4,7,1,2,2021-11-08 11:26:18,1,2021-09-08 11:26:52,1,f
260,42,4,7,2,2,2021-11-08 11:26:10,1,2021-11-08 11:27:30,1,f
261,43,4,8,2,2,2021-11-08 11:26:20,1,2021-09-08 11:26:42,1,f
262,44,4,9,1,2,2021-11-08 11:26:16,1,2021-10-08 11:27:05,1,f
263,45,4,7,1,2,2021-11-08 11:26:02,1,2021-10-08 11:27:17,1,f
264,46,4,7,1,2,2021-11-08 11:26:14,1,2021-09-08 11:26:57,1,f
265,47,4,7,2,2,2021-11-08 11:26:21,1,2021-09-08 11:27:01,1,f
266,48,4,8,1,2,2021-11-08 11:26:10,1,2021-11-08 11:27:30,1,f
267,49,4,8,2,2,2021-11-08 11:26:20,1,2021-11-08 11:26:42,1,f
268,50,4,8,1,2,2021-11-08 11:26:20,1,2021-11-08 11:26:42,1,f
269,51,4,8,2,2,2021-11-08 11:26:21,1,2021-09-08 11:27:01,1,f
270,52,4,9,1,2,2021-11-08 11:26:20,1,2021-11-08 11:26:42,1,f
271,53,4,9,1,2,2021-11-08 11:26:10,1,2021-11-08 11:27:30,1,f
272,54,4,7,1,2,2021-11-08 11:26:10,1,2021-11-08 11:27:30,1,f
273,55,4,7,1,2,2021-11-08 11:26:17,1,2021-10-14 11:27:21,1,f
274,56,4,7,1,2,2021-11-08 11:26:19,1,2021-09-08 11:26:48,1,f
275,57,4,8,1,2,2021-11-08 11:26:18,1,2021-09-08 11:26:52,1,f
276,1,5,1,1,2,2021-11-08 11:26:10,1,2021-11-08 11:27:30,1,f
277,2,5,1,0,2,2021-11-08 11:26:20,1,2021-09-08 11:26:42,1,f
278,3,5,1,1,2,2021-11-08 11:26:16,1,2021-10-08 11:27:05,1,f
279,4,5,1,1,2,2021-11-08 11:26:02,1,2021-10-08 11:27:17,1,f
280,5,5,1,1,2,2021-11-08 11:26:14,1,2021-09-08 11:26:57,1,f
281,8,5,1,1,2,2021-11-08 11:26:21,1,2021-09-08 11:27:01,1,f
282,9,5,1,1,2,2021-11-08 11:26:10,1,2021-11-08 11:27:30,1,f
283,10,5,1,1,2,2021-11-08 11:26:20,1,2021-11-08 11:26:42,1,f
284,11,5,2,1,2,2021-11-08 11:26:20,1,2021-11-08 11:26:42,1,f
285,12,5,3,1,2,2021-11-08 11:26:21,1,2021-09-08 11:27:01,1,f
286,13,5,4,1,2,2021-11-08 11:26:20,1,2021-11-08 11:26:42,1,f
287,14,5,1,1,2,2021-11-08 11:26:10,1,2021-11-08 11:27:30,1,f
288,15,5,2,1,2,2021-11-08 11:26:10,1,2021-11-08 11:27:30,1,f
289,16,5,3,1,2,2021-11-08 11:26:17,1,2021-09-08 11:27:01,1,f
290,17,5,4,1,2,2021-11-08 11:26:19,1,2021-11-08 11:27:30,1,f
291,18,5,5,0,2,2021-11-08 11:26:18,1,2021-11-08 11:26:42,1,f
292,19,5,1,1,2,2021-11-08 11:26:10,1,2021-11-08 11:26:42,1,f
293,20,5,2,1,2,2021-11-08 11:26:20,1,2021-09-08 11:27:01,1,f
294,21,5,3,1,2,2021-11-08 11:26:16,1,2021-11-08 11:26:42,1,f
295,22,5,1,1,2,2021-11-08 11:26:02,1,2021-11-08 11:27:30,1,f
296,23,5,2,1,2,2021-11-08 11:26:14,1,2021-11-08 11:27:30,1,f
297,24,5,3,1,2,2021-11-08 11:26:21,1,2021-09-08 11:27:01,1,f
298,25,5,1,1,2,2021-11-08 11:26:10,1,2021-11-08 11:27:30,1,f
299,26,5,2,1,2,2021-11-08 11:26:20,1,2021-11-08 11:26:42,1,f
300,27,5,3,1,2,2021-11-08 11:26:20,1,2021-11-08 11:26:42,1,f
301,28,5,1,1,2,2021-11-08 11:26:21,1,2021-09-08 11:27:01,1,f
302,29,5,2,1,2,2021-11-08 11:26:20,1,2021-11-08 11:26:42,1,f
303,30,5,3,1,2,2021-11-08 11:26:10,1,2021-11-08 11:27:30,1,f
304,31,5,1,1,2,2021-11-08 11:26:10,1,2021-11-08 11:27:30,1,f
305,32,5,2,0,2,2021-11-08 11:26:17,1,2021-09-08 11:27:01,1,f
306,33,5,3,1,2,2021-11-08 11:26:19,1,2021-11-08 11:27:30,1,f
307,34,5,1,1,2,2021-11-08 11:26:18,1,2021-11-08 11:26:42,1,f
308,35,5,2,1,2,2021-11-08 11:26:10,1,2021-11-08 11:26:42,1,f
309,36,5,3,1,2,2021-11-08 11:26:20,1,2021-09-08 11:27:01,1,f
310,37,5,1,1,2,2021-11-08 11:26:16,1,2021-11-08 11:26:42,1,f
311,38,5,2,1,2,2021-11-08 11:26:02,1,2021-11-08 11:27:30,1,f
312,39,5,3,1,2,2021-11-08 11:26:14,1,2021-11-08 11:27:30,1,f
313,40,5,1,1,2,2021-11-08 11:26:21,1,2021-09-08 11:27:01,1,f
314,41,5,2,1,2,2021-11-08 11:26:10,1,2021-11-08 11:27:30,1,f
315,42,5,3,1,2,2021-11-08 11:26:20,1,2021-11-08 11:26:42,1,f
316,43,5,1,1,2,2021-11-08 11:26:20,1,2021-11-08 11:26:42,1,f
317,44,5,2,1,2,2021-11-08 11:26:21,1,2021-09-08 11:27:01,1,f
318,45,5,3,1,2,2021-11-08 11:26:20,1,2021-11-08 11:26:42,1,f
319,46,5,1,0,2,2021-11-08 11:26:10,1,2021-11-08 11:27:30,1,f
320,47,5,2,1,2,2021-11-08 11:26:10,1,2021-11-08 11:27:30,1,f
321,48,5,3,1,2,2021-11-08 11:26:17,1,2021-09-08 11:27:01,1,f
322,49,5,1,1,2,2021-11-08 11:26:19,1,2021-11-08 11:27:30,1,f
323,50,5,2,1,2,2021-11-08 11:26:18,1,2021-11-08 11:26:42,1,f
324,51,5,3,1,2,2021-11-08 11:26:10,1,2021-11-08 11:26:42,1,f
325,52,5,1,1,2,2021-11-08 11:26:20,1,2021-09-08 11:27:01,1,f
326,53,5,2,1,2,2021-11-08 11:26:16,1,2021-11-08 11:26:42,1,f
327,54,5,3,1,2,2021-11-08 11:26:02,1,2021-11-08 11:27:30,1,f
328,55,5,1,1,2,2021-11-08 11:26:14,1,2021-11-08 11:27:30,1,f
329,56,5,2,1,2,2021-11-08 11:26:21,1,2021-11-08 11:27:30,1,f
330,57,5,3,1,2,2021-11-08 11:26:10,1,2021-11-08 11:27:30,1,f
331,1,6,1,0,2,2021-11-08 11:26:02,1,2021-11-08 11:27:30,1,f
332,2,6,1,1,2,2021-11-08 11:26:14,1,2021-09-08 11:27:01,1,f
333,3,6,1,1,2,2021-11-08 11:26:21,1,2021-11-08 11:27:30,1,f
334,4,6,1,0,2,2021-11-08 11:26:10,1,2021-11-08 11:26:42,1,f
335,5,6,1,1,2,2021-11-08 11:26:20,1,2021-11-08 11:26:42,1,f
336,8,6,1,1,2,2021-11-08 11:26:20,1,2021-09-08 11:27:01,1,f
337,9,6,1,1,2,2021-11-08 11:26:21,1,2021-11-08 11:26:42,1,f
338,10,6,1,0,2,2021-11-08 11:26:20,1,2021-11-08 11:27:30,1,f
339,11,6,2,2,2,2021-11-08 11:26:10,1,2021-11-08 11:27:30,1,f
340,12,6,3,0,2,2021-11-08 11:26:10,1,2021-09-08 11:27:01,1,f
341,13,6,4,0,2,2021-11-08 11:26:17,1,2021-11-08 11:27:30,1,f
342,14,6,1,0,2,2021-11-08 11:26:19,1,2021-11-08 11:26:42,1,f
343,15,6,2,2,2,2021-11-08 11:26:18,1,2021-11-08 11:26:42,1,f
344,16,6,3,0,2,2021-11-08 11:26:10,1,2021-09-08 11:27:01,1,f
345,17,6,4,0,2,2021-11-08 11:26:20,1,2021-11-08 11:26:42,1,f
346,18,6,5,0,2,2021-11-08 11:26:16,1,2021-11-08 11:27:30,1,f
347,19,6,1,1,2,2021-11-08 11:26:02,1,2021-11-08 11:27:30,1,f
348,20,6,2,2,2,2021-11-08 11:26:14,1,2021-09-08 11:27:01,1,f
349,21,6,3,1,2,2021-11-08 11:26:21,1,2021-11-08 11:27:30,1,f
350,22,6,1,1,2,2021-11-08 11:26:10,1,2021-11-08 11:26:42,1,f
351,23,6,2,1,2,2021-11-08 11:26:20,1,2021-11-08 11:26:42,1,f
352,24,6,3,1,2,2021-11-08 11:26:20,1,2021-09-08 11:27:01,1,f
353,25,6,1,1,2,2021-11-08 11:26:21,1,2021-11-08 11:26:42,1,f
354,26,6,2,1,2,2021-11-08 11:26:20,1,2021-11-08 11:27:30,1,f
355,27,6,3,1,2,2021-11-08 11:26:10,1,2021-11-08 11:27:30,1,f
356,28,6,1,1,2,2021-11-08 11:26:10,1,2021-11-08 11:27:30,1,f
357,29,6,2,1,2,2021-11-08 11:26:17,1,2021-11-08 11:27:30,1,f
358,30,6,3,1,2,2021-11-08 11:26:19,1,2021-11-08 11:26:42,1,f
359,31,6,1,1,2,2021-11-08 11:26:18,1,2021-11-08 11:26:42,1,f
360,32,6,2,1,2,2021-11-08 11:26:10,1,2021-09-08 11:27:01,1,f
361,33,6,3,1,2,2021-11-08 11:26:20,1,2021-11-08 11:26:42,1,f
362,34,6,1,1,2,2021-11-08 11:26:16,1,2021-11-08 11:27:30,1,f
363,35,6,2,1,2,2021-11-08 11:26:02,1,2021-11-08 11:27:30,1,f
364,36,6,3,1,2,2021-11-08 11:26:14,1,2021-11-08 11:27:30,1,f
365,37,6,1,2,2,2021-11-08 11:26:21,1,2021-11-08 11:27:30,1,f
366,38,6,2,1,2,2021-11-08 11:26:10,1,2021-11-08 11:26:42,1,f
367,39,6,3,1,2,2021-11-08 11:26:20,1,2021-11-08 11:26:42,1,f
368,40,6,1,1,2,2021-11-08 11:26:20,1,2021-09-08 11:27:01,1,f
369,41,6,2,1,2,2021-11-08 11:26:21,1,2021-11-08 11:26:42,1,f
370,42,6,3,2,2,2021-11-08 11:26:20,1,2021-11-08 11:27:30,1,f
371,43,6,1,2,2,2021-11-08 11:26:10,1,2021-11-08 11:27:30,1,f
372,44,6,2,1,2,2021-11-08 11:26:10,1,2021-11-08 11:27:30,1,f
373,45,6,3,1,2,2021-11-08 11:26:17,1,2021-11-08 11:27:30,1,f
374,46,6,1,1,2,2021-11-08 11:26:19,1,2021-11-08 11:26:42,1,f
375,47,6,2,2,2,2021-11-08 11:26:18,1,2021-11-08 11:26:42,1,f
376,48,6,3,1,2,2021-11-08 11:26:10,1,2021-09-08 11:27:01,1,f
377,49,6,1,2,2,2021-11-08 11:26:20,1,2021-11-08 11:26:42,1,f
378,50,6,2,1,2,2021-11-08 11:26:16,1,2021-11-08 11:27:30,1,f
379,51,6,3,2,2,2021-11-08 11:26:02,1,2021-11-08 11:27:30,1,f
380,52,6,1,1,2,2021-11-08 11:26:14,1,2021-11-08 11:27:30,1,f
381,53,6,2,1,2,2021-11-08 11:26:21,1,2021-11-08 11:27:30,1,f
382,54,6,3,1,2,2021-11-08 11:26:10,1,2021-11-08 11:27:30,1,f
383,55,6,1,1,2,2021-11-08 11:26:20,1,2021-11-08 11:27:30,1,f
384,56,6,2,1,2,2021-11-08 11:26:20,1,2021-11-08 11:27:30,1,f
385,57,6,3,1,2,2021-11-08 11:26:21,1,2021-11-08 11:27:30,1,f
386,1,7,1,0,2,2021-11-08 11:26:02,1,2021-11-08 11:27:30,1,f
387,2,7,1,1,2,2021-11-08 11:26:14,1,2021-09-08 11:27:01,1,f
388,3,7,1,1,2,2021-11-08 11:26:21,1,2021-11-08 11:27:30,1,f
389,4,7,1,0,2,2021-11-08 11:26:10,1,2021-11-08 11:26:42,1,f
390,5,7,1,1,2,2021-11-08 11:26:20,1,2021-11-08 11:26:42,1,f
391,8,7,1,1,2,2021-11-08 11:26:20,1,2021-09-08 11:27:01,1,f
392,9,7,1,1,2,2021-11-08 11:26:21,1,2021-11-08 11:26:42,1,f
393,10,7,1,0,2,2021-11-08 11:26:20,1,2021-11-08 11:27:30,1,f
394,11,7,2,2,2,2021-11-08 11:26:10,1,2021-11-08 11:27:30,1,f
395,12,7,3,0,2,2021-11-08 11:26:10,1,2021-09-08 11:27:01,1,f
396,13,7,4,0,2,2021-11-08 11:26:17,1,2021-11-08 11:27:30,1,f
397,14,7,1,0,2,2021-11-08 11:26:19,1,2021-11-08 11:26:42,1,f
398,15,7,2,2,2,2021-11-08 11:26:18,1,2021-11-08 11:26:42,1,f
399,16,7,3,0,2,2021-11-08 11:26:10,1,2021-09-08 11:27:01,1,f
400,17,7,4,0,2,2021-11-08 11:26:20,1,2021-11-08 11:26:42,1,f
401,18,7,5,0,2,2021-11-08 11:26:16,1,2021-11-08 11:27:30,1,f
402,19,7,1,1,2,2021-11-08 11:26:02,1,2021-11-08 11:27:30,1,f
403,20,7,2,2,2,2021-11-08 11:26:14,1,2021-09-08 11:27:01,1,f
404,21,7,3,1,2,2021-11-08 11:26:21,1,2021-11-08 11:27:30,1,f
405,22,7,1,1,2,2021-11-08 11:26:10,1,2021-11-08 11:26:42,1,f
406,23,7,2,1,2,2021-11-08 11:26:20,1,2021-11-08 11:26:42,1,f
407,24,7,3,1,2,2021-11-08 11:26:20,1,2021-09-08 11:27:01,1,f
408,25,7,1,1,2,2021-11-08 11:26:21,1,2021-11-08 11:26:42,1,f
409,26,7,2,1,2,2021-11-08 11:26:20,1,2021-11-08 11:27:30,1,f
410,27,7,3,1,2,2021-11-08 11:26:10,1,2021-11-08 11:27:30,1,f
411,28,7,1,1,2,2021-11-08 11:26:10,1,2021-11-08 11:27:30,1,f
412,29,7,2,1,2,2021-11-08 11:26:17,1,2021-11-08 11:27:30,1,f
413,30,7,3,1,2,2021-11-08 11:26:19,1,2021-11-08 11:26:42,1,f
414,31,7,1,1,2,2021-11-08 11:26:18,1,2021-11-08 11:26:42,1,f
415,32,7,2,1,2,2021-11-08 11:26:10,1,2021-09-08 11:27:01,1,f
416,33,7,3,1,2,2021-11-08 11:26:20,1,2021-11-08 11:26:42,1,f
417,34,7,1,1,2,2021-11-08 11:26:16,1,2021-11-08 11:27:30,1,f
418,35,7,2,1,2,2021-11-08 11:26:02,1,2021-11-08 11:27:30,1,f
419,36,7,3,1,2,2021-11-08 11:26:14,1,2021-11-08 11:27:30,1,f
420,37,7,1,2,2,2021-11-08 11:26:21,1,2021-11-08 11:27:30,1,f
421,38,7,2,1,2,2021-11-08 11:26:10,1,2021-11-08 11:26:42,1,f
422,39,7,3,1,2,2021-11-08 11:26:20,1,2021-11-08 11:26:42,1,f
423,40,7,1,1,2,2021-11-08 11:26:20,1,2021-09-08 11:27:01,1,f
424,41,7,2,1,2,2021-11-08 11:26:21,1,2021-11-08 11:26:42,1,f
425,42,7,3,2,2,2021-11-08 11:26:20,1,2021-11-08 11:27:30,1,f
426,43,7,1,2,2,2021-11-08 11:26:10,1,2021-11-08 11:27:30,1,f
427,44,7,2,1,2,2021-11-08 11:26:10,1,2021-11-08 11:27:30,1,f
428,45,7,3,1,2,2021-11-08 11:26:17,1,2021-11-08 11:27:30,1,f
429,46,7,1,1,2,2021-11-08 11:26:19,1,2021-11-08 11:26:42,1,f
430,47,7,2,2,2,2021-11-08 11:26:18,1,2021-11-08 11:26:42,1,f
431,48,7,3,1,2,2021-11-08 11:26:10,1,2021-09-08 11:27:01,1,f
432,49,7,1,2,2,2021-11-08 11:26:20,1,2021-11-08 11:26:42,1,f
433,50,7,2,1,2,2021-11-08 11:26:16,1,2021-11-08 11:27:30,1,f
434,51,7,3,2,2,2021-11-08 11:26:02,1,2021-11-08 11:27:30,1,f
435,52,7,1,1,2,2021-11-08 11:26:14,1,2021-11-08 11:27:30,1,f
436,53,7,2,1,2,2021-11-08 11:26:21,1,2021-11-08 11:27:30,1,f
437,54,7,3,1,2,2021-11-08 11:26:10,1,2021-11-08 11:27:30,1,f
438,55,7,1,1,2,2021-11-08 11:26:20,1,2021-11-08 11:27:30,1,f
439,56,7,2,1,2,2021-11-08 11:26:20,1,2021-11-08 11:27:30,1,f
440,57,7,3,1,2,2021-11-08 11:26:21,1,2021-11-08 11:27:30,1,f
441,1,8,1,0,2,2021-11-08 11:26:02,1,2021-11-08 11:27:30,1,f
442,2,8,1,1,2,2021-11-08 11:26:14,1,2021-09-08 11:27:01,1,f
443,3,8,1,1,2,2021-11-08 11:26:21,1,2021-11-08 11:27:30,1,f
444,4,8,1,0,2,2021-11-08 11:26:10,1,2021-11-08 11:26:42,1,f
445,5,8,1,1,2,2021-11-08 11:26:20,1,2021-11-08 11:26:42,1,f
446,8,8,1,1,2,2021-11-08 11:26:20,1,2021-09-08 11:27:01,1,f
447,9,8,1,1,2,2021-11-08 11:26:21,1,2021-11-08 11:26:42,1,f
448,10,8,1,0,2,2021-11-08 11:26:20,1,2021-11-08 11:27:30,1,f
449,11,8,2,2,2,2021-11-08 11:26:10,1,2021-11-08 11:27:30,1,f
450,12,8,3,0,2,2021-11-08 11:26:10,1,2021-09-08 11:27:01,1,f
451,13,8,4,0,2,2021-11-08 11:26:17,1,2021-11-08 11:27:30,1,f
452,14,8,1,0,2,2021-11-08 11:26:19,1,2021-11-08 11:26:42,1,f
453,15,8,2,2,2,2021-11-08 11:26:18,1,2021-11-08 11:26:42,1,f
454,16,8,3,0,2,2021-11-08 11:26:10,1,2021-09-08 11:27:01,1,f
455,17,8,4,0,2,2021-11-08 11:26:20,1,2021-11-08 11:26:42,1,f
456,18,8,5,0,2,2021-11-08 11:26:16,1,2021-11-08 11:27:30,1,f
457,19,8,1,1,2,2021-11-08 11:26:02,1,2021-11-08 11:27:30,1,f
458,20,8,2,2,2,2021-11-08 11:26:14,1,2021-09-08 11:27:01,1,f
459,21,8,3,1,2,2021-11-08 11:26:21,1,2021-11-08 11:27:30,1,f
460,22,8,1,1,2,2021-11-08 11:26:10,1,2021-11-08 11:26:42,1,f
461,23,8,2,1,2,2021-11-08 11:26:20,1,2021-11-08 11:26:42,1,f
462,24,8,3,1,2,2021-11-08 11:26:20,1,2021-09-08 11:27:01,1,f
463,25,8,1,1,2,2021-11-08 11:26:21,1,2021-11-08 11:26:42,1,f
464,26,8,2,1,2,2021-11-08 11:26:20,1,2021-11-08 11:27:30,1,f
465,27,8,3,1,2,2021-11-08 11:26:10,1,2021-11-08 11:27:30,1,f
466,28,8,1,1,2,2021-11-08 11:26:10,1,2021-11-08 11:27:30,1,f
467,29,8,2,1,2,2021-11-08 11:26:17,1,2021-11-08 11:27:30,1,f
468,30,8,3,1,2,2021-11-08 11:26:19,1,2021-11-08 11:26:42,1,f
469,31,8,1,1,2,2021-11-08 11:26:18,1,2021-11-08 11:26:42,1,f
470,32,8,2,1,2,2021-11-08 11:26:10,1,2021-09-08 11:27:01,1,f
471,33,8,3,1,2,2021-11-08 11:26:20,1,2021-11-08 11:26:42,1,f
472,34,8,1,1,2,2021-11-08 11:26:16,1,2021-11-08 11:27:30,1,f
473,35,8,2,1,2,2021-11-08 11:26:02,1,2021-11-08 11:27:30,1,f
474,36,8,3,1,2,2021-11-08 11:26:14,1,2021-11-08 11:27:30,1,f
475,37,8,1,2,2,2021-11-08 11:26:21,1,2021-11-08 11:27:30,1,f
476,38,8,2,1,2,2021-11-08 11:26:10,1,2021-11-08 11:26:42,1,f
477,39,8,3,1,2,2021-11-08 11:26:20,1,2021-11-08 11:26:42,1,f
478,40,8,1,1,2,2021-11-08 11:26:20,1,2021-09-08 11:27:01,1,f
479,41,8,2,1,2,2021-11-08 11:26:21,1,2021-11-08 11:26:42,1,f
480,42,8,3,2,2,2021-11-08 11:26:20,1,2021-11-08 11:27:30,1,f
481,43,8,1,2,2,2021-11-08 11:26:10,1,2021-11-08 11:27:30,1,f
482,44,8,2,1,2,2021-11-08 11:26:10,1,2021-11-08 11:27:30,1,f
483,45,8,3,1,2,2021-11-08 11:26:17,1,2021-11-08 11:27:30,1,f
484,46,8,1,1,2,2021-11-08 11:26:19,1,2021-11-08 11:26:42,1,f
485,47,8,2,2,2,2021-11-08 11:26:18,1,2021-11-08 11:26:42,1,f
486,48,8,3,1,2,2021-11-08 11:26:10,1,2021-09-08 11:27:01,1,f
487,49,8,1,2,2,2021-11-08 11:26:20,1,2021-11-08 11:26:42,1,f
488,50,8,2,1,2,2021-11-08 11:26:16,1,2021-11-08 11:27:30,1,f
489,51,8,3,2,2,2021-11-08 11:26:02,1,2021-11-08 11:27:30,1,f
490,52,8,1,1,2,2021-11-08 11:26:14,1,2021-11-08 11:27:30,1,f
491,53,8,2,1,2,2021-11-08 11:26:21,1,2021-11-08 11:27:30,1,f
492,54,8,3,1,2,2021-11-08 11:26:10,1,2021-11-08 11:27:30,1,f
493,55,8,1,1,2,2021-11-08 11:26:20,1,2021-11-08 11:27:30,1,f
494,56,8,2,1,2,2021-11-08 11:26:20,1,2021-11-08 11:27:30,1,f
495,57,8,3,1,2,2021-11-08 11:26:21,1,2021-11-08 11:27:30,1,f
518,25,9,1,1,2,2021-11-08 11:26:21,1,2021-11-08 11:26:42,1,f
519,26,9,2,1,2,2021-11-08 11:26:20,1,2021-11-08 11:27:30,1,f
520,27,9,3,1,2,2021-11-08 11:26:10,1,2021-11-08 11:27:30,1,f
521,28,9,1,1,2,2021-11-08 11:26:10,1,2021-11-08 11:27:30,1,f
522,29,9,2,1,2,2021-11-08 11:26:17,1,2021-11-08 11:27:30,1,f
523,30,9,3,1,2,2021-11-08 11:26:19,1,2021-11-08 11:26:42,1,f
524,31,9,1,1,2,2021-11-08 11:26:18,1,2021-11-08 11:26:42,1,f
525,32,9,2,1,2,2021-11-08 11:26:10,1,2021-09-08 11:27:01,1,f
526,33,9,3,1,2,2021-11-08 11:26:20,1,2021-11-08 11:26:42,1,f
527,34,9,1,1,2,2021-11-08 11:26:16,1,2021-11-08 11:27:30,1,f
528,35,9,2,1,2,2021-11-08 11:26:02,1,2021-11-08 11:27:30,1,f
529,36,9,3,1,2,2021-11-08 11:26:14,1,2021-11-08 11:27:30,1,f
530,37,9,1,2,2,2021-11-08 11:26:21,1,2021-11-08 11:27:30,1,f
531,38,9,2,1,2,2021-11-08 11:26:10,1,2021-11-08 11:26:42,1,f
532,39,9,3,1,2,2021-11-08 11:26:20,1,2021-11-08 11:26:42,1,f
533,40,9,1,1,2,2021-11-08 11:26:20,1,2021-09-08 11:27:01,1,f
534,41,9,2,1,2,2021-11-08 11:26:21,1,2021-11-08 11:26:42,1,f
535,42,9,3,2,2,2021-11-08 11:26:20,1,2021-11-08 11:27:30,1,f
536,43,9,1,2,2,2021-11-08 11:26:10,1,2021-11-08 11:27:30,1,f
537,44,9,2,1,2,2021-11-08 11:26:10,1,2021-11-08 11:27:30,1,f
538,45,9,3,1,2,2021-11-08 11:26:17,1,2021-11-08 11:27:30,1,f
539,46,9,1,1,2,2021-11-08 11:26:19,1,2021-11-08 11:26:42,1,f
540,47,9,2,2,2,2021-11-08 11:26:18,1,2021-11-08 11:26:42,1,f
541,48,9,3,1,2,2021-11-08 11:26:10,1,2021-09-08 11:27:01,1,f
542,49,9,1,2,2,2021-11-08 11:26:20,1,2021-11-08 11:26:42,1,f
543,50,9,2,1,2,2021-11-08 11:26:16,1,2021-11-08 11:27:30,1,f
544,51,9,3,2,2,2021-11-08 11:26:02,1,2021-11-08 11:27:30,1,f
545,52,9,1,1,2,2021-11-08 11:26:14,1,2021-11-08 11:27:30,1,f
546,53,9,2,1,2,2021-11-08 11:26:21,1,2021-11-08 11:27:30,1,f
547,54,9,3,1,2,2021-11-08 11:26:10,1,2021-11-08 11:27:30,1,f
548,55,9,1,1,2,2021-11-08 11:26:20,1,2021-11-08 11:27:30,1,f
549,56,9,2,1,2,2021-11-08 11:26:20,1,2021-11-08 11:27:30,1,f
550,57,9,3,1,2,2021-11-08 11:26:21,1,2021-11-08 11:27:30,1,f
551,1,10,1,0,2,2021-11-08 11:26:02,1,2021-11-08 11:27:30,1,f
552,2,10,1,1,2,2021-11-08 11:26:14,1,2021-09-08 11:27:01,1,f
553,3,10,1,1,2,2021-11-08 11:26:21,1,2021-11-08 11:27:30,1,f
554,4,10,1,0,2,2021-11-08 11:26:10,1,2021-11-08 11:26:42,1,f
555,5,10,1,1,2,2021-11-08 11:26:20,1,2021-11-08 11:26:42,1,f
556,8,10,1,1,2,2021-11-08 11:26:20,1,2021-09-08 11:27:01,1,f
557,9,10,1,1,2,2021-11-08 11:26:21,1,2021-11-08 11:26:42,1,f
558,10,10,1,0,2,2021-11-08 11:26:20,1,2021-11-08 11:27:30,1,f
559,11,10,2,2,2,2021-11-08 11:26:10,1,2021-11-08 11:27:30,1,f
560,12,10,3,0,2,2021-11-08 11:26:10,1,2021-09-08 11:27:01,1,f
561,13,10,4,0,2,2021-11-08 11:26:17,1,2021-11-08 11:27:30,1,f
562,14,10,1,0,2,2021-11-08 11:26:19,1,2021-11-08 11:26:42,1,f
563,15,10,2,2,2,2021-11-08 11:26:18,1,2021-11-08 11:26:42,1,f
564,16,10,3,0,2,2021-11-08 11:26:10,1,2021-09-08 11:27:01,1,f
565,17,10,4,0,2,2021-11-08 11:26:20,1,2021-11-08 11:26:42,1,f
566,18,10,5,0,2,2021-11-08 11:26:16,1,2021-11-08 11:27:30,1,f
567,19,10,1,1,2,2021-11-08 11:26:02,1,2021-11-08 11:27:30,1,f
568,20,10,2,2,2,2021-11-08 11:26:14,1,2021-09-08 11:27:01,1,f
569,21,10,3,1,2,2021-11-08 11:26:21,1,2021-11-08 11:27:30,1,f
570,22,10,1,1,2,2021-11-08 11:26:10,1,2021-11-08 11:26:42,1,f
571,23,10,2,1,2,2021-11-08 11:26:20,1,2021-11-08 11:26:42,1,f
572,24,10,3,1,2,2021-11-08 11:26:20,1,2021-09-08 11:27:01,1,f
573,25,10,1,1,2,2021-11-08 11:26:21,1,2021-11-08 11:26:42,1,f
574,26,10,2,1,2,2021-11-08 11:26:20,1,2021-11-08 11:27:30,1,f
575,27,10,3,1,2,2021-11-08 11:26:10,1,2021-11-08 11:27:30,1,f
576,28,10,1,1,2,2021-11-08 11:26:10,1,2021-11-08 11:27:30,1,f
577,29,10,2,1,2,2021-11-08 11:26:17,1,2021-11-08 11:27:30,1,f
578,30,10,3,1,2,2021-11-08 11:26:19,1,2021-11-08 11:26:42,1,f
579,31,10,1,1,2,2021-11-08 11:26:18,1,2021-11-08 11:26:42,1,f
580,32,10,2,1,2,2021-11-08 11:26:10,1,2021-09-08 11:27:01,1,f
581,33,10,3,1,2,2021-11-08 11:26:20,1,2021-11-08 11:26:42,1,f
582,34,10,1,1,2,2021-11-08 11:26:16,1,2021-11-08 11:27:30,1,f
583,35,10,2,1,2,2021-11-08 11:26:02,1,2021-11-08 11:27:30,1,f
584,36,10,3,1,2,2021-11-08 11:26:14,1,2021-11-08 11:27:30,1,f
585,37,10,1,2,2,2021-11-08 11:26:21,1,2021-11-08 11:27:30,1,f
586,38,10,2,1,2,2021-11-08 11:26:10,1,2021-11-08 11:26:42,1,f
587,39,10,3,1,2,2021-11-08 11:26:20,1,2021-11-08 11:26:42,1,f
588,40,10,1,1,2,2021-11-08 11:26:20,1,2021-09-08 11:27:01,1,f
589,41,10,2,1,2,2021-11-08 11:26:21,1,2021-11-08 11:26:42,1,f
590,42,10,3,2,2,2021-11-08 11:26:20,1,2021-11-08 11:27:30,1,f
591,43,10,1,2,2,2021-11-08 11:26:10,1,2021-11-08 11:27:30,1,f
592,44,10,2,1,2,2021-11-08 11:26:10,1,2021-11-08 11:27:30,1,f
593,45,10,3,1,2,2021-11-08 11:26:17,1,2021-11-08 11:27:30,1,f
594,46,10,1,1,2,2021-11-08 11:26:19,1,2021-11-08 11:26:42,1,f
595,47,10,2,2,2,2021-11-08 11:26:18,1,2021-11-08 11:26:42,1,f
596,48,10,3,1,2,2021-11-08 11:26:10,1,2021-09-08 11:27:01,1,f
597,49,10,1,2,2,2021-11-08 11:26:20,1,2021-11-08 11:26:42,1,f
598,50,10,2,1,2,2021-11-08 11:26:16,1,2021-11-08 11:27:30,1,f
599,51,10,3,2,2,2021-11-08 11:26:02,1,2021-11-08 11:27:30,1,f
600,52,10,1,1,2,2021-11-08 11:26:14,1,2021-11-08 11:27:30,1,f
601,53,10,2,1,2,2021-11-08 11:26:21,1,2021-11-08 11:27:30,1,f
602,54,10,3,1,2,2021-11-08 11:26:10,1,2021-11-08 11:27:30,1,f
603,55,10,1,1,2,2021-11-08 11:26:20,1,2021-11-08 11:27:30,1,f
604,56,10,2,1,2,2021-11-08 11:26:20,1,2021-11-08 11:27:30,1,f
605,57,10,3,1,2,2021-11-08 11:26:21,1,2021-11-08 11:27:30,1,f
606,1,11,1,0,2,2021-11-08 11:26:02,1,2021-11-08 11:27:30,1,f
607,2,11,1,1,2,2021-11-08 11:26:14,1,2021-09-08 11:27:01,1,f
608,3,11,1,1,2,2021-11-08 11:26:21,1,2021-11-08 11:27:30,1,f
609,4,11,1,0,2,2021-11-08 11:26:10,1,2021-11-08 11:26:42,1,f
610,5,11,1,1,2,2021-11-08 11:26:20,1,2021-11-08 11:26:42,1,f
611,8,11,1,1,2,2021-11-08 11:26:20,1,2021-09-08 11:27:01,1,f
612,9,11,1,1,2,2021-11-08 11:26:21,1,2021-11-08 11:26:42,1,f
613,10,11,1,0,2,2021-11-08 11:26:20,1,2021-11-08 11:27:30,1,f
614,11,11,2,2,2,2021-11-08 11:26:10,1,2021-11-08 11:27:30,1,f
615,12,11,3,0,2,2021-11-08 11:26:10,1,2021-09-08 11:27:01,1,f
616,13,11,4,0,2,2021-11-08 11:26:17,1,2021-11-08 11:27:30,1,f
617,14,11,1,0,2,2021-11-08 11:26:19,1,2021-11-08 11:26:42,1,f
618,15,11,2,2,2,2021-11-08 11:26:18,1,2021-11-08 11:26:42,1,f
619,16,11,3,0,2,2021-11-08 11:26:10,1,2021-09-08 11:27:01,1,f
620,17,11,4,0,2,2021-11-08 11:26:20,1,2021-11-08 11:26:42,1,f
621,18,11,5,0,2,2021-11-08 11:26:16,1,2021-11-08 11:27:30,1,f
622,19,11,1,1,2,2021-11-08 11:26:02,1,2021-11-08 11:27:30,1,f
623,20,11,2,2,2,2021-11-08 11:26:14,1,2021-09-08 11:27:01,1,f
624,21,11,3,1,2,2021-11-08 11:26:21,1,2021-11-08 11:27:30,1,f
625,22,11,1,1,2,2021-11-08 11:26:10,1,2021-11-08 11:26:42,1,f
626,23,11,2,1,2,2021-11-08 11:26:20,1,2021-11-08 11:26:42,1,f
627,24,11,3,1,2,2021-11-08 11:26:20,1,2021-09-08 11:27:01,1,f
628,25,11,1,1,2,2021-11-08 11:26:21,1,2021-11-08 11:26:42,1,f
629,26,11,2,1,2,2021-11-08 11:26:20,1,2021-11-08 11:27:30,1,f
630,27,11,3,1,2,2021-11-08 11:26:10,1,2021-11-08 11:27:30,1,f
631,28,11,1,1,2,2021-11-08 11:26:10,1,2021-11-08 11:27:30,1,f
632,29,11,2,1,2,2021-11-08 11:26:17,1,2021-11-08 11:27:30,1,f
633,30,11,3,1,2,2021-11-08 11:26:19,1,2021-11-08 11:26:42,1,f
634,31,11,1,1,2,2021-11-08 11:26:18,1,2021-11-08 11:26:42,1,f
635,32,11,2,1,2,2021-11-08 11:26:10,1,2021-09-08 11:27:01,1,f
636,33,11,3,1,2,2021-11-08 11:26:20,1,2021-11-08 11:26:42,1,f
637,34,11,1,1,2,2021-11-08 11:26:16,1,2021-11-08 11:27:30,1,f
638,35,11,2,1,2,2021-11-08 11:26:02,1,2021-11-08 11:27:30,1,f
639,36,11,3,1,2,2021-11-08 11:26:14,1,2021-11-08 11:27:30,1,f
640,37,11,1,2,2,2021-11-08 11:26:21,1,2021-11-08 11:27:30,1,f
641,38,11,2,1,2,2021-11-08 11:26:10,1,2021-11-08 11:26:42,1,f
642,39,11,3,1,2,2021-11-08 11:26:20,1,2021-11-08 11:26:42,1,f
643,40,11,1,1,2,2021-11-08 11:26:20,1,2021-09-08 11:27:01,1,f
644,41,11,2,1,2,2021-11-08 11:26:21,1,2021-11-08 11:26:42,1,f
645,42,11,3,2,2,2021-11-08 11:26:20,1,2021-11-08 11:27:30,1,f
646,43,11,1,2,2,2021-11-08 11:26:10,1,2021-11-08 11:27:30,1,f
647,44,11,2,1,2,2021-11-08 11:26:10,1,2021-11-08 11:27:30,1,f
648,45,11,3,1,2,2021-11-08 11:26:17,1,2021-11-08 11:27:30,1,f
649,46,11,1,1,2,2021-11-08 11:26:19,1,2021-11-08 11:26:42,1,f
650,47,11,2,2,2,2021-11-08 11:26:18,1,2021-11-08 11:26:42,1,f
651,48,11,3,1,2,2021-11-08 11:26:10,1,2021-09-08 11:27:01,1,f
652,49,11,1,2,2,2021-11-08 11:26:20,1,2021-11-08 11:26:42,1,f
653,50,11,2,1,2,2021-11-08 11:26:16,1,2021-11-08 11:27:30,1,f
654,51,11,3,2,2,2021-11-08 11:26:02,1,2021-11-08 11:27:30,1,f
655,52,11,1,1,2,2021-11-08 11:26:14,1,2021-11-08 11:27:30,1,f
656,53,11,2,1,2,2021-11-08 11:26:21,1,2021-11-08 11:27:30,1,f
657,54,11,3,1,2,2021-11-08 11:26:10,1,2021-11-08 11:27:30,1,f
658,55,11,1,1,2,2021-11-08 11:26:20,1,2021-11-08 11:27:30,1,f
659,56,11,2,1,2,2021-11-08 11:26:20,1,2021-11-08 11:27:30,1,f
660,57,11,3,1,2,2021-11-08 11:26:21,1,2021-11-08 11:27:30,1,f
496,1,9,1,0,2,2021-11-08 11:26:02,1,2021-11-08 11:27:30,1,f
497,2,9,1,1,2,2021-11-08 11:26:14,1,2021-09-08 11:27:01,1,f
498,3,9,1,1,2,2021-11-08 11:26:21,1,2021-11-08 11:27:30,1,f
499,4,9,1,0,2,2021-11-08 11:26:10,1,2021-11-08 11:26:42,1,f
500,5,9,1,1,2,2021-11-08 11:26:20,1,2021-11-08 11:26:42,1,f
501,8,9,1,1,2,2021-11-08 11:26:20,1,2021-09-08 11:27:01,1,f
502,9,9,1,1,2,2021-11-08 11:26:21,1,2021-11-08 11:26:42,1,f
503,10,9,1,0,2,2021-11-08 11:26:20,1,2021-11-08 11:27:30,1,f
504,11,9,2,2,2,2021-11-08 11:26:10,1,2021-11-08 11:27:30,1,f
505,12,9,3,0,2,2021-11-08 11:26:10,1,2021-09-08 11:27:01,1,f
506,13,9,4,0,2,2021-11-08 11:26:17,1,2021-11-08 11:27:30,1,f
507,14,9,1,0,2,2021-11-08 11:26:19,1,2021-11-08 11:26:42,1,f
508,15,9,2,2,2,2021-11-08 11:26:18,1,2021-11-08 11:26:42,1,f
509,16,9,3,0,2,2021-11-08 11:26:10,1,2021-09-08 11:27:01,1,f
510,17,9,4,0,2,2021-11-08 11:26:20,1,2021-11-08 11:26:42,1,f
511,18,9,5,0,2,2021-11-08 11:26:16,1,2021-11-08 11:27:30,1,f
512,19,9,1,1,2,2021-11-08 11:26:02,1,2021-11-08 11:27:30,1,f
513,20,9,2,2,2,2021-11-08 11:26:14,1,2021-09-08 11:27:01,1,f
514,21,9,3,1,2,2021-11-08 11:26:21,1,2021-11-08 11:27:30,1,f
515,22,9,1,1,2,2021-11-08 11:26:10,1,2021-11-08 11:26:42,1,f
516,23,9,2,1,2,2021-11-08 11:26:20,1,2021-11-08 11:26:42,1,f
517,24,9,2,1,2,2021-11-08 11:26:20,1,2021-11-08 11:26:42,1,f
