1,1,1,4,f,f,2,2,2021-10-19 14:33:07.962,1,2,2021-10-18 00:00:00,f
349,1,13,4,f,f,2,2,2021-10-19 14:33:07.976,1,2,2021-10-18 00:00:00,f
350,2,13,4,f,f,2,2,2021-10-19 14:33:07.976,1,2,2021-10-18 00:00:00,f
351,3,13,4,f,f,3,2,2021-10-19 14:33:07.976,1,2,2021-10-18 00:00:00,f
352,4,13,4,f,f,1,2,2021-10-19 14:33:07.976,1,2,2021-10-18 00:00:00,f
353,5,13,4,f,f,2,2,2021-10-19 14:33:07.976,1,2,2021-10-18 00:00:00,f
354,8,13,4,f,f,2,2,2021-10-19 14:33:07.976,1,2,2021-10-18 00:00:00,f
355,9,13,4,f,f,1,2,2021-10-19 14:33:07.976,1,2,2021-10-18 00:00:00,f
356,10,13,5,f,f,2,2,2021-10-21 14:20:13.402,1,2,2021-10-19 11:07:55.413,f
357,11,13,5,f,f,2,2,2021-10-21 14:20:13.402,1,2,2021-10-18 00:00:00,f
358,12,13,5,f,f,2,2,2021-10-21 14:20:13.402,1,2,2021-10-19 16:29:06.555,f
359,13,13,5,f,f,2,2,2021-10-21 14:19:33.132,1,2,2021-10-21 14:17:50.402,f
360,14,13,4,f,f,2,2,2021-10-19 14:33:07.962,1,2,2021-10-18 00:00:00,f
361,15,13,4,f,f,2,2,2021-10-19 14:33:07.966,1,2,2021-10-18 00:00:00,f
362,16,13,4,f,f,2,2,2021-10-19 14:33:07.966,1,2,2021-10-18 00:00:00,f
363,17,13,4,f,f,2,2,2021-10-19 14:33:07.966,1,2,2021-10-18 00:00:00,f
364,18,13,4,f,f,2,2,2021-10-19 14:33:07.966,1,2,2021-10-18 00:00:00,f
365,19,13,4,f,f,2,2,2021-10-19 14:33:07.966,1,2,2021-10-18 00:00:00,f
366,20,13,4,f,f,2,2,2021-10-19 14:33:07.966,1,2,2021-10-18 00:00:00,f
367,21,13,4,f,f,2,2,2021-10-19 14:33:07.967,1,2,2021-10-18 00:00:00,f
368,22,13,4,f,f,2,2,2021-10-19 14:33:07.967,1,2,2021-10-18 00:00:00,f
369,23,13,4,f,f,2,2,2021-10-19 14:33:07.967,1,2,2021-10-18 00:00:00,f
370,24,13,4,f,f,2,2,2021-10-19 14:33:07.967,1,2,2021-10-18 00:00:00,f
371,25,13,4,f,f,1,2,2021-10-19 14:33:07.967,1,2,2021-10-18 00:00:00,f
372,26,13,4,f,f,1,2,2021-10-19 14:33:07.967,1,2,2021-10-18 00:00:00,f
373,27,14,4,f,f,2,2,2021-10-19 14:33:07.967,1,2,2021-10-18 00:00:00,f
374,28,14,4,f,f,1,2,2021-10-19 14:33:07.968,1,2,2021-10-18 00:00:00,f
375,29,14,4,f,f,1,2,2021-10-19 14:33:07.969,1,2,2021-10-18 00:00:00,f
376,30,14,4,f,f,1,2,2021-10-19 14:33:07.969,1,2,2021-10-18 00:00:00,f
377,31,14,4,f,f,1,2,2021-10-19 14:33:07.969,1,2,2021-10-18 00:00:00,f
378,32,14,4,f,f,1,2,2021-10-19 14:33:07.97,1,2,2021-10-18 00:00:00,f
379,33,14,4,f,f,1,2,2021-10-19 14:33:07.97,1,2,2021-10-18 00:00:00,f
380,34,14,4,f,f,1,2,2021-10-19 14:33:07.97,1,2,2021-10-18 00:00:00,f
381,35,14,4,f,f,1,2,2021-10-19 14:33:07.97,1,2,2021-10-18 00:00:00,f
382,36,14,4,f,f,3,2,2021-10-19 14:33:07.97,1,2,2021-10-18 00:00:00,f
383,37,14,4,f,f,3,2,2021-10-19 14:33:07.97,1,2,2021-10-18 00:00:00,f
384,38,14,4,f,f,3,2,2021-10-19 14:33:07.97,1,2,2021-10-18 00:00:00,f
385,39,14,4,f,f,3,2,2021-10-19 14:33:07.97,1,2,2021-10-18 00:00:00,f
386,40,14,4,f,f,3,2,2021-10-19 14:33:07.971,1,2,2021-10-18 00:00:00,f
387,41,14,4,f,f,3,2,2021-10-19 14:33:07.971,1,2,2021-10-18 00:00:00,f
388,42,14,4,f,f,2,2,2021-10-19 14:33:07.967,1,2,2021-10-18 00:00:00,f
389,43,14,4,f,f,1,2,2021-10-19 14:33:07.968,1,2,2021-10-18 00:00:00,f
390,44,14,4,f,f,1,2,2021-10-19 14:33:07.969,1,2,2021-10-18 00:00:00,f
391,45,14,4,f,f,1,2,2021-10-19 14:33:07.969,1,2,2021-10-18 00:00:00,f
392,46,14,4,f,f,1,2,2021-10-19 14:33:07.969,1,2,2021-10-18 00:00:00,f
393,47,14,4,f,f,1,2,2021-10-19 14:33:07.97,1,2,2021-10-18 00:00:00,f
394,48,14,4,f,f,1,2,2021-10-19 14:33:07.97,1,2,2021-10-18 00:00:00,f
395,49,14,4,f,f,1,2,2021-10-19 14:33:07.97,1,2,2021-10-18 00:00:00,f
396,50,14,4,f,f,1,2,2021-10-19 14:33:07.97,1,2,2021-10-18 00:00:00,f
397,51,14,4,f,f,3,2,2021-10-19 14:33:07.97,1,2,2021-10-18 00:00:00,f
398,52,14,4,f,f,3,2,2021-10-19 14:33:07.97,1,2,2021-10-18 00:00:00,f
399,53,14,4,f,f,3,2,2021-10-19 14:33:07.97,1,2,2021-10-18 00:00:00,f
400,54,14,4,f,f,3,2,2021-10-19 14:33:07.97,1,2,2021-10-18 00:00:00,f
401,55,14,4,f,f,3,2,2021-10-19 14:33:07.971,1,2,2021-10-18 00:00:00,f
402,56,14,4,f,f,3,2,2021-10-19 14:33:07.971,1,2,2021-10-18 00:00:00,f
403,57,14,4,f,f,3,2,2021-10-19 14:33:07.971,1,2,2021-10-18 00:00:00,f
404,1,15,4,f,f,2,2,2021-10-19 14:33:07.976,1,2,2021-10-18 00:00:00,f
405,2,15,4,f,f,2,2,2021-10-19 14:33:07.976,1,2,2021-10-18 00:00:00,f
406,3,15,4,f,f,3,2,2021-10-19 14:33:07.976,1,2,2021-10-18 00:00:00,f
407,4,15,4,f,f,1,2,2021-10-19 14:33:07.976,1,2,2021-10-18 00:00:00,f
408,5,15,4,f,f,2,2,2021-10-19 14:33:07.976,1,2,2021-10-18 00:00:00,f
409,8,15,4,f,f,2,2,2021-10-19 14:33:07.976,1,2,2021-10-18 00:00:00,f
410,9,15,4,f,f,1,2,2021-10-19 14:33:07.976,1,2,2021-10-18 00:00:00,f
411,10,15,5,f,f,2,2,2021-10-21 14:20:13.402,1,2,2021-10-19 11:07:55.413,f
412,11,15,5,f,f,2,2,2021-10-21 14:20:13.402,1,2,2021-10-18 00:00:00,f
413,12,15,5,f,f,2,2,2021-10-21 14:20:13.402,1,2,2021-10-19 16:29:06.555,f
414,13,15,5,f,f,2,2,2021-10-21 14:19:33.132,1,2,2021-10-21 14:17:50.402,f
415,14,15,4,f,f,2,2,2021-10-19 14:33:07.962,1,2,2021-10-18 00:00:00,f
79,18,3,4,f,f,3,2,2021-10-19 14:33:07.976,1,2,2021-10-18 00:00:00,f
416,15,15,4,f,f,2,2,2021-10-19 14:33:07.966,1,2,2021-10-18 00:00:00,f
417,16,15,4,f,f,2,2,2021-10-19 14:33:07.966,1,2,2021-10-18 00:00:00,f
418,17,15,4,f,f,2,2,2021-10-19 14:33:07.966,1,2,2021-10-18 00:00:00,f
419,18,15,4,f,f,2,2,2021-10-19 14:33:07.966,1,2,2021-10-18 00:00:00,f
420,19,15,4,f,f,2,2,2021-10-19 14:33:07.966,1,2,2021-10-18 00:00:00,f
421,20,15,4,f,f,2,2,2021-10-19 14:33:07.966,1,2,2021-10-18 00:00:00,f
422,21,15,4,f,f,2,2,2021-10-19 14:33:07.967,1,2,2021-10-18 00:00:00,f
423,22,15,4,f,f,2,2,2021-10-19 14:33:07.967,1,2,2021-10-18 00:00:00,f
424,23,15,4,f,f,2,2,2021-10-19 14:33:07.967,1,2,2021-10-18 00:00:00,f
425,24,15,4,f,f,2,2,2021-10-19 14:33:07.967,1,2,2021-10-18 00:00:00,f
7,9,1,4,f,f,2,2,2021-10-19 14:33:07.966,1,2,2021-10-18 00:00:00,f
4,4,1,4,f,f,2,2,2021-10-19 14:33:07.966,1,2,2021-10-18 00:00:00,f
426,25,15,4,f,f,1,2,2021-10-19 14:33:07.967,1,2,2021-10-18 00:00:00,f
427,26,15,4,f,f,1,2,2021-10-19 14:33:07.967,1,2,2021-10-18 00:00:00,f
428,27,16,4,f,f,2,2,2021-10-19 14:33:07.967,1,2,2021-10-18 00:00:00,f
99,28,4,5,f,f,2,2,2021-10-21 14:20:13.402,1,2,2021-10-19 16:29:06.555,f
49,51,2,4,f,f,5,2,2021-10-19 14:33:07.973,1,2,2021-10-18 00:00:00,f
60,5,3,4,f,f,1,2,2021-10-19 14:33:07.974,1,2,2021-10-18 00:00:00,f
36,38,2,4,f,f,4,2,2021-10-19 14:33:07.972,1,2,2021-10-18 00:00:00,f
28,30,2,4,f,f,3,2,2021-10-19 14:33:07.971,1,2,2021-10-18 00:00:00,f
72,11,3,4,f,f,2,2,2021-10-19 14:33:07.975,1,2,2021-10-18 00:00:00,f
41,43,2,4,f,f,4,2,2021-10-19 14:33:07.972,1,2,2021-10-18 00:00:00,f
29,31,2,4,f,f,3,2,2021-10-19 14:33:07.971,1,2,2021-10-18 00:00:00,f
39,41,2,4,f,f,4,2,2021-10-19 14:33:07.972,1,2,2021-10-18 00:00:00,f
50,52,2,4,f,f,5,2,2021-10-19 14:33:07.973,1,2,2021-10-18 00:00:00,f
21,23,1,4,f,f,1,2,2021-10-19 14:33:07.97,1,2,2021-10-18 00:00:00,f
53,55,2,4,f,f,5,2,2021-10-19 14:33:07.974,1,2,2021-10-18 00:00:00,f
19,21,1,4,f,f,1,2,2021-10-19 14:33:07.97,1,2,2021-10-18 00:00:00,f
38,40,2,4,f,f,4,2,2021-10-19 14:33:07.972,1,2,2021-10-18 00:00:00,f
23,25,1,4,f,f,3,2,2021-10-19 14:33:07.97,1,2,2021-10-18 00:00:00,f
26,28,2,4,f,f,3,2,2021-10-19 14:33:07.97,1,2,2021-10-18 00:00:00,f
9,11,1,4,f,f,2,2,2021-10-19 14:33:07.967,1,2,2021-10-18 00:00:00,f
11,13,1,4,f,f,2,2,2021-10-19 14:33:07.967,1,2,2021-10-18 00:00:00,f
17,19,1,4,f,f,1,2,2021-10-19 14:33:07.969,1,2,2021-10-18 00:00:00,f
40,42,2,4,f,f,4,2,2021-10-19 14:33:07.972,1,2,2021-10-18 00:00:00,f
54,56,2,4,f,f,5,2,2021-10-19 14:33:07.974,1,2,2021-10-18 00:00:00,f
25,27,2,4,f,f,3,2,2021-10-19 14:33:07.97,1,2,2021-10-18 00:00:00,f
18,20,1,4,f,f,1,2,2021-10-19 14:33:07.969,1,2,2021-10-18 00:00:00,f
3,3,1,4,f,f,2,2,2021-10-19 14:33:07.966,1,2,2021-10-18 00:00:00,f
63,10,3,4,f,f,1,2,2021-10-19 14:33:07.975,1,2,2021-10-18 00:00:00,f
81,20,3,4,f,f,2,2,2021-10-19 14:33:07.976,1,2,2021-10-18 00:00:00,f
8,10,1,4,f,f,2,2,2021-10-19 14:33:07.967,1,2,2021-10-18 00:00:00,f
46,48,2,4,f,f,5,2,2021-10-19 14:33:07.973,1,2,2021-10-18 00:00:00,f
10,12,1,4,f,f,2,2,2021-10-19 14:33:07.967,1,2,2021-10-18 00:00:00,f
16,18,1,4,f,f,1,2,2021-10-19 14:33:07.969,1,2,2021-10-18 00:00:00,f
24,26,1,4,f,f,3,2,2021-10-19 14:33:07.97,1,2,2021-10-18 00:00:00,f
76,15,3,4,f,f,3,2,2021-10-19 14:33:07.975,1,2,2021-10-18 00:00:00,f
43,45,2,4,f,f,4,2,2021-10-19 14:33:07.972,1,2,2021-10-18 00:00:00,f
12,14,1,4,f,f,1,2,2021-10-19 14:33:07.967,1,2,2021-10-18 00:00:00,f
100,29,4,5,f,f,2,2,2021-10-21 14:19:33.132,1,2,2021-10-21 14:17:50.402,f
2,2,1,4,f,f,2,2,2021-10-19 14:33:07.966,1,2,2021-10-18 00:00:00,f
27,29,2,4,f,f,3,2,2021-10-19 14:33:07.971,1,2,2021-10-18 00:00:00,f
98,27,4,5,f,f,2,2,2021-10-21 14:20:13.402,1,2,2021-10-18 00:00:00,f
44,46,2,4,f,f,4,2,2021-10-19 14:33:07.973,1,2,2021-10-18 00:00:00,f
55,57,2,4,f,f,5,2,2021-10-19 14:33:07.974,1,2,2021-10-18 00:00:00,f
6,8,1,4,f,f,2,2,2021-10-19 14:33:07.966,1,2,2021-10-18 00:00:00,f
59,4,3,4,f,f,2,2,2021-10-19 14:33:07.974,1,2,2021-10-18 00:00:00,f
45,47,2,4,f,f,5,2,2021-10-19 14:33:07.973,1,2,2021-10-18 00:00:00,f
13,15,1,4,f,f,1,2,2021-10-19 14:33:07.967,1,2,2021-10-18 00:00:00,f
35,37,2,4,f,f,4,2,2021-10-19 14:33:07.971,1,2,2021-10-18 00:00:00,f
61,8,3,4,f,f,1,2,2021-10-19 14:33:07.975,1,2,2021-10-18 00:00:00,f
22,24,1,4,f,f,1,2,2021-10-19 14:33:07.97,1,2,2021-10-18 00:00:00,f
42,44,2,4,f,f,4,2,2021-10-19 14:33:07.972,1,2,2021-10-18 00:00:00,f
75,14,3,4,f,f,1,2,2021-10-19 14:33:07.975,1,2,2021-10-18 00:00:00,f
80,19,3,4,f,f,2,2,2021-10-19 14:33:07.976,1,2,2021-10-18 00:00:00,f
90,25,3,4,f,f,1,2,2021-10-19 14:33:07.976,1,2,2021-10-18 00:00:00,f
62,9,3,4,f,f,1,2,2021-10-19 14:33:07.975,1,2,2021-10-18 00:00:00,f
85,21,3,4,f,f,3,2,2021-10-19 14:33:07.976,1,2,2021-10-18 00:00:00,f
74,13,3,4,f,f,2,2,2021-10-19 14:33:07.975,1,2,2021-10-18 00:00:00,f
33,35,2,4,f,f,3,2,2021-10-19 14:33:07.971,1,2,2021-10-18 00:00:00,f
34,36,2,4,f,f,4,2,2021-10-19 14:33:07.971,1,2,2021-10-18 00:00:00,f
31,33,2,4,f,f,1,2,2021-10-19 14:33:07.971,1,2,2021-10-18 00:00:00,f
77,16,3,4,f,f,1,2,2021-10-19 14:33:07.975,1,2,2021-10-18 00:00:00,f
78,17,3,4,f,f,2,2,2021-10-19 14:33:07.976,1,2,2021-10-18 00:00:00,f
87,23,3,4,f,f,2,2,2021-10-19 14:33:07.976,1,2,2021-10-18 00:00:00,f
73,12,3,4,f,f,2,2,2021-10-19 14:33:07.975,1,2,2021-10-18 00:00:00,f
52,54,2,4,f,f,5,2,2021-10-19 14:33:07.974,1,2,2021-10-18 00:00:00,f
32,34,2,4,f,f,3,2,2021-10-19 14:33:07.971,1,2,2021-10-18 00:00:00,f
20,22,1,4,f,f,1,2,2021-10-19 14:33:07.97,1,2,2021-10-18 00:00:00,f
30,32,2,4,f,f,3,2,2021-10-19 14:33:07.971,1,2,2021-10-18 00:00:00,f
51,53,2,4,f,f,5,2,2021-10-19 14:33:07.973,1,2,2021-10-18 00:00:00,f
97,26,3,5,f,f,2,2,2021-10-21 14:20:13.402,1,2,2021-10-19 11:07:55.413,f
88,24,3,4,f,f,2,2,2021-10-19 14:33:07.976,1,2,2021-10-18 00:00:00,f
15,17,1,4,f,f,1,2,2021-10-19 14:33:07.968,1,2,2021-10-18 00:00:00,f
48,50,2,4,f,f,5,2,2021-10-19 14:33:07.973,1,2,2021-10-18 00:00:00,f
47,49,2,4,f,f,5,2,2021-10-19 14:33:07.973,1,2,2021-10-18 00:00:00,f
5,5,1,4,f,f,2,2,2021-10-19 14:33:07.966,1,2,2021-10-18 00:00:00,f
37,39,2,4,f,f,4,2,2021-10-19 14:33:07.972,1,2,2021-10-18 00:00:00,f
14,16,1,4,f,f,2,2,2021-10-19 14:33:07.967,1,2,2021-10-18 00:00:00,f
56,1,3,4,f,f,2,2,2021-10-19 14:33:07.974,1,2,2021-10-18 00:00:00,f
86,22,3,4,f,f,1,2,2021-10-19 14:33:07.976,1,2,2021-10-18 00:00:00,f
57,2,3,4,f,f,2,2,2021-10-19 14:33:07.974,1,2,2021-10-18 00:00:00,f
58,3,3,4,f,f,2,2,2021-10-19 14:33:07.974,1,2,2021-10-18 00:00:00,f
101,30,4,4,f,f,2,2,2021-10-19 14:33:07.962,1,2,2021-10-18 00:00:00,f
102,31,4,4,f,f,2,2,2021-10-19 14:33:07.966,1,2,2021-10-18 00:00:00,f
103,32,4,4,f,f,2,2,2021-10-19 14:33:07.966,1,2,2021-10-18 00:00:00,f
104,33,4,4,f,f,2,2,2021-10-19 14:33:07.966,1,2,2021-10-18 00:00:00,f
105,34,4,4,f,f,2,2,2021-10-19 14:33:07.966,1,2,2021-10-18 00:00:00,f
106,35,4,4,f,f,2,2,2021-10-19 14:33:07.966,1,2,2021-10-18 00:00:00,f
107,36,4,4,f,f,2,2,2021-10-19 14:33:07.966,1,2,2021-10-18 00:00:00,f
108,37,4,4,f,f,2,2,2021-10-19 14:33:07.967,1,2,2021-10-18 00:00:00,f
109,38,4,4,f,f,2,2,2021-10-19 14:33:07.967,1,2,2021-10-18 00:00:00,f
110,39,4,4,f,f,2,2,2021-10-19 14:33:07.967,1,2,2021-10-18 00:00:00,f
111,40,4,4,f,f,2,2,2021-10-19 14:33:07.967,1,2,2021-10-18 00:00:00,f
112,41,4,4,f,f,1,2,2021-10-19 14:33:07.967,1,2,2021-10-18 00:00:00,f
113,42,4,4,f,f,1,2,2021-10-19 14:33:07.967,1,2,2021-10-18 00:00:00,f
114,43,4,4,f,f,2,2,2021-10-19 14:33:07.967,1,2,2021-10-18 00:00:00,f
115,44,4,4,f,f,1,2,2021-10-19 14:33:07.968,1,2,2021-10-18 00:00:00,f
116,45,4,4,f,f,1,2,2021-10-19 14:33:07.969,1,2,2021-10-18 00:00:00,f
117,46,4,4,f,f,1,2,2021-10-19 14:33:07.969,1,2,2021-10-18 00:00:00,f
118,47,4,4,f,f,1,2,2021-10-19 14:33:07.969,1,2,2021-10-18 00:00:00,f
119,48,4,4,f,f,1,2,2021-10-19 14:33:07.97,1,2,2021-10-18 00:00:00,f
120,49,4,4,f,f,1,2,2021-10-19 14:33:07.97,1,2,2021-10-18 00:00:00,f
121,50,4,4,f,f,1,2,2021-10-19 14:33:07.97,1,2,2021-10-18 00:00:00,f
122,51,4,4,f,f,1,2,2021-10-19 14:33:07.97,1,2,2021-10-18 00:00:00,f
123,52,4,4,f,f,3,2,2021-10-19 14:33:07.97,1,2,2021-10-18 00:00:00,f
124,53,4,4,f,f,3,2,2021-10-19 14:33:07.97,1,2,2021-10-18 00:00:00,f
125,54,4,4,f,f,3,2,2021-10-19 14:33:07.97,1,2,2021-10-18 00:00:00,f
126,55,4,4,f,f,3,2,2021-10-19 14:33:07.97,1,2,2021-10-18 00:00:00,f
127,56,4,4,f,f,3,2,2021-10-19 14:33:07.971,1,2,2021-10-18 00:00:00,f
128,57,4,4,f,f,3,2,2021-10-19 14:33:07.971,1,2,2021-10-18 00:00:00,f
129,1,5,4,f,f,3,2,2021-10-19 14:33:07.971,1,2,2021-10-18 00:00:00,f
130,2,5,4,f,f,3,2,2021-10-19 14:33:07.971,1,2,2021-10-18 00:00:00,f
131,3,5,4,f,f,1,2,2021-10-19 14:33:07.971,1,2,2021-10-18 00:00:00,f
132,4,5,4,f,f,3,2,2021-10-19 14:33:07.971,1,2,2021-10-18 00:00:00,f
133,5,5,4,f,f,3,2,2021-10-19 14:33:07.971,1,2,2021-10-18 00:00:00,f
134,8,5,4,f,f,4,2,2021-10-19 14:33:07.971,1,2,2021-10-18 00:00:00,f
135,9,5,4,f,f,4,2,2021-10-19 14:33:07.971,1,2,2021-10-18 00:00:00,f
136,10,5,4,f,f,4,2,2021-10-19 14:33:07.972,1,2,2021-10-18 00:00:00,f
137,11,5,4,f,f,4,2,2021-10-19 14:33:07.972,1,2,2021-10-18 00:00:00,f
138,12,5,4,f,f,4,2,2021-10-19 14:33:07.972,1,2,2021-10-18 00:00:00,f
139,13,5,4,f,f,4,2,2021-10-19 14:33:07.972,1,2,2021-10-18 00:00:00,f
140,14,5,4,f,f,4,2,2021-10-19 14:33:07.972,1,2,2021-10-18 00:00:00,f
141,15,5,4,f,f,4,2,2021-10-19 14:33:07.972,1,2,2021-10-18 00:00:00,f
142,16,5,4,f,f,4,2,2021-10-19 14:33:07.972,1,2,2021-10-18 00:00:00,f
143,17,5,4,f,f,4,2,2021-10-19 14:33:07.972,1,2,2021-10-18 00:00:00,f
144,18,5,4,f,f,4,2,2021-10-19 14:33:07.973,1,2,2021-10-18 00:00:00,f
145,19,5,4,f,f,5,2,2021-10-19 14:33:07.973,1,2,2021-10-18 00:00:00,f
146,20,5,4,f,f,5,2,2021-10-19 14:33:07.973,1,2,2021-10-18 00:00:00,f
147,21,5,4,f,f,5,2,2021-10-19 14:33:07.973,1,2,2021-10-18 00:00:00,f
148,22,5,4,f,f,5,2,2021-10-19 14:33:07.973,1,2,2021-10-18 00:00:00,f
149,23,5,4,f,f,5,2,2021-10-19 14:33:07.973,1,2,2021-10-18 00:00:00,f
150,24,5,4,f,f,5,2,2021-10-19 14:33:07.973,1,2,2021-10-18 00:00:00,f
151,25,5,4,f,f,5,2,2021-10-19 14:33:07.973,1,2,2021-10-18 00:00:00,f
152,26,5,4,f,f,5,2,2021-10-19 14:33:07.974,1,2,2021-10-18 00:00:00,f
153,27,6,4,f,f,5,2,2021-10-19 14:33:07.974,1,2,2021-10-18 00:00:00,f
154,28,6,4,f,f,5,2,2021-10-19 14:33:07.974,1,2,2021-10-18 00:00:00,f
155,29,6,4,f,f,5,2,2021-10-19 14:33:07.974,1,2,2021-10-18 00:00:00,f
156,30,6,4,f,f,2,2,2021-10-19 14:33:07.974,1,2,2021-10-18 00:00:00,f
157,31,6,4,f,f,2,2,2021-10-19 14:33:07.974,1,2,2021-10-18 00:00:00,f
158,32,6,4,f,f,2,2,2021-10-19 14:33:07.974,1,2,2021-10-18 00:00:00,f
159,33,6,4,f,f,2,2,2021-10-19 14:33:07.974,1,2,2021-10-18 00:00:00,f
160,34,6,4,f,f,1,2,2021-10-19 14:33:07.974,1,2,2021-10-18 00:00:00,f
161,35,6,4,f,f,1,2,2021-10-19 14:33:07.975,1,2,2021-10-18 00:00:00,f
162,36,6,4,f,f,1,2,2021-10-19 14:33:07.975,1,2,2021-10-18 00:00:00,f
163,37,6,4,f,f,1,2,2021-10-19 14:33:07.975,1,2,2021-10-18 00:00:00,f
164,38,6,4,f,f,2,2,2021-10-19 14:33:07.975,1,2,2021-10-18 00:00:00,f
165,39,6,4,f,f,2,2,2021-10-19 14:33:07.975,1,2,2021-10-18 00:00:00,f
166,40,6,4,f,f,2,2,2021-10-19 14:33:07.975,1,2,2021-10-18 00:00:00,f
167,41,6,4,f,f,1,2,2021-10-19 14:33:07.975,1,2,2021-10-18 00:00:00,f
168,42,6,4,f,f,2,2,2021-10-19 14:33:07.962,1,2,2021-10-18 00:00:00,f
169,43,6,4,f,f,2,2,2021-10-19 14:33:07.966,1,2,2021-10-18 00:00:00,f
170,44,6,4,f,f,2,2,2021-10-19 14:33:07.966,1,2,2021-10-18 00:00:00,f
171,45,6,4,f,f,2,2,2021-10-19 14:33:07.966,1,2,2021-10-18 00:00:00,f
172,46,6,4,f,f,2,2,2021-10-19 14:33:07.966,1,2,2021-10-18 00:00:00,f
173,47,6,4,f,f,2,2,2021-10-19 14:33:07.966,1,2,2021-10-18 00:00:00,f
174,48,6,4,f,f,2,2,2021-10-19 14:33:07.966,1,2,2021-10-18 00:00:00,f
175,49,6,4,f,f,2,2,2021-10-19 14:33:07.967,1,2,2021-10-18 00:00:00,f
176,50,6,4,f,f,2,2,2021-10-19 14:33:07.967,1,2,2021-10-18 00:00:00,f
177,51,6,4,f,f,2,2,2021-10-19 14:33:07.967,1,2,2021-10-18 00:00:00,f
178,52,6,4,f,f,2,2,2021-10-19 14:33:07.967,1,2,2021-10-18 00:00:00,f
179,53,6,4,f,f,1,2,2021-10-19 14:33:07.967,1,2,2021-10-18 00:00:00,f
180,54,6,4,f,f,1,2,2021-10-19 14:33:07.967,1,2,2021-10-18 00:00:00,f
181,55,6,4,f,f,2,2,2021-10-19 14:33:07.967,1,2,2021-10-18 00:00:00,f
182,56,6,4,f,f,1,2,2021-10-19 14:33:07.968,1,2,2021-10-18 00:00:00,f
183,57,6,4,f,f,1,2,2021-10-19 14:33:07.969,1,2,2021-10-18 00:00:00,f
184,1,7,4,f,f,1,2,2021-10-19 14:33:07.969,1,2,2021-10-18 00:00:00,f
185,2,7,4,f,f,1,2,2021-10-19 14:33:07.969,1,2,2021-10-18 00:00:00,f
186,3,7,4,f,f,1,2,2021-10-19 14:33:07.97,1,2,2021-10-18 00:00:00,f
187,4,7,4,f,f,1,2,2021-10-19 14:33:07.97,1,2,2021-10-18 00:00:00,f
188,5,7,4,f,f,1,2,2021-10-19 14:33:07.97,1,2,2021-10-18 00:00:00,f
189,8,7,4,f,f,1,2,2021-10-19 14:33:07.97,1,2,2021-10-18 00:00:00,f
190,9,7,4,f,f,3,2,2021-10-19 14:33:07.97,1,2,2021-10-18 00:00:00,f
191,10,7,4,f,f,3,2,2021-10-19 14:33:07.97,1,2,2021-10-18 00:00:00,f
192,11,7,4,f,f,3,2,2021-10-19 14:33:07.97,1,2,2021-10-18 00:00:00,f
193,12,7,4,f,f,3,2,2021-10-19 14:33:07.97,1,2,2021-10-18 00:00:00,f
194,13,7,4,f,f,3,2,2021-10-19 14:33:07.971,1,2,2021-10-18 00:00:00,f
195,14,7,4,f,f,3,2,2021-10-19 14:33:07.971,1,2,2021-10-18 00:00:00,f
196,15,7,4,f,f,3,2,2021-10-19 14:33:07.971,1,2,2021-10-18 00:00:00,f
197,16,7,4,f,f,3,2,2021-10-19 14:33:07.971,1,2,2021-10-18 00:00:00,f
198,17,7,4,f,f,1,2,2021-10-19 14:33:07.971,1,2,2021-10-18 00:00:00,f
199,18,7,4,f,f,3,2,2021-10-19 14:33:07.971,1,2,2021-10-18 00:00:00,f
200,19,7,4,f,f,3,2,2021-10-19 14:33:07.971,1,2,2021-10-18 00:00:00,f
201,20,7,4,f,f,4,2,2021-10-19 14:33:07.971,1,2,2021-10-18 00:00:00,f
202,21,7,4,f,f,4,2,2021-10-19 14:33:07.971,1,2,2021-10-18 00:00:00,f
203,22,7,4,f,f,4,2,2021-10-19 14:33:07.972,1,2,2021-10-18 00:00:00,f
204,23,7,4,f,f,4,2,2021-10-19 14:33:07.972,1,2,2021-10-18 00:00:00,f
205,24,7,4,f,f,4,2,2021-10-19 14:33:07.972,1,2,2021-10-18 00:00:00,f
206,25,7,4,f,f,4,2,2021-10-19 14:33:07.972,1,2,2021-10-18 00:00:00,f
207,26,7,4,f,f,4,2,2021-10-19 14:33:07.972,1,2,2021-10-18 00:00:00,f
208,27,8,4,f,f,4,2,2021-10-19 14:33:07.972,1,2,2021-10-18 00:00:00,f
209,28,8,4,f,f,4,2,2021-10-19 14:33:07.972,1,2,2021-10-18 00:00:00,f
210,29,8,4,f,f,4,2,2021-10-19 14:33:07.972,1,2,2021-10-18 00:00:00,f
211,30,8,4,f,f,4,2,2021-10-19 14:33:07.973,1,2,2021-10-18 00:00:00,f
212,31,8,4,f,f,5,2,2021-10-19 14:33:07.973,1,2,2021-10-18 00:00:00,f
213,32,8,4,f,f,5,2,2021-10-19 14:33:07.973,1,2,2021-10-18 00:00:00,f
214,33,8,4,f,f,5,2,2021-10-19 14:33:07.973,1,2,2021-10-18 00:00:00,f
215,34,8,4,f,f,5,2,2021-10-19 14:33:07.973,1,2,2021-10-18 00:00:00,f
216,35,8,4,f,f,5,2,2021-10-19 14:33:07.973,1,2,2021-10-18 00:00:00,f
217,36,8,4,f,f,5,2,2021-10-19 14:33:07.973,1,2,2021-10-18 00:00:00,f
218,37,8,4,f,f,5,2,2021-10-19 14:33:07.973,1,2,2021-10-18 00:00:00,f
219,38,8,4,f,f,5,2,2021-10-19 14:33:07.974,1,2,2021-10-18 00:00:00,f
220,39,8,4,f,f,5,2,2021-10-19 14:33:07.974,1,2,2021-10-18 00:00:00,f
221,40,8,4,f,f,5,2,2021-10-19 14:33:07.974,1,2,2021-10-18 00:00:00,f
222,41,8,4,f,f,5,2,2021-10-19 14:33:07.974,1,2,2021-10-18 00:00:00,f
223,42,8,4,f,f,2,2,2021-10-19 14:33:07.974,1,2,2021-10-18 00:00:00,f
224,43,8,4,f,f,2,2,2021-10-19 14:33:07.974,1,2,2021-10-18 00:00:00,f
225,44,8,4,f,f,2,2,2021-10-19 14:33:07.974,1,2,2021-10-18 00:00:00,f
226,45,8,4,f,f,2,2,2021-10-19 14:33:07.974,1,2,2021-10-18 00:00:00,f
227,46,8,4,f,f,1,2,2021-10-19 14:33:07.974,1,2,2021-10-18 00:00:00,f
228,47,8,4,f,f,1,2,2021-10-19 14:33:07.975,1,2,2021-10-18 00:00:00,f
229,48,8,4,f,f,1,2,2021-10-19 14:33:07.975,1,2,2021-10-18 00:00:00,f
230,49,8,4,f,f,1,2,2021-10-19 14:33:07.975,1,2,2021-10-18 00:00:00,f
231,50,8,4,f,f,2,2,2021-10-19 14:33:07.975,1,2,2021-10-18 00:00:00,f
232,51,8,4,f,f,2,2,2021-10-19 14:33:07.975,1,2,2021-10-18 00:00:00,f
233,52,8,4,f,f,2,2,2021-10-19 14:33:07.975,1,2,2021-10-18 00:00:00,f
234,53,8,4,f,f,1,2,2021-10-19 14:33:07.975,1,2,2021-10-18 00:00:00,f
235,54,8,4,f,f,3,2,2021-10-19 14:33:07.975,1,2,2021-10-18 00:00:00,f
236,55,8,4,f,f,1,2,2021-10-19 14:33:07.975,1,2,2021-10-18 00:00:00,f
237,56,8,4,f,f,2,2,2021-10-19 14:33:07.976,1,2,2021-10-18 00:00:00,f
238,57,8,4,f,f,3,2,2021-10-19 14:33:07.976,1,2,2021-10-18 00:00:00,f
239,1,9,4,f,f,2,2,2021-10-19 14:33:07.976,1,2,2021-10-18 00:00:00,f
240,2,9,4,f,f,2,2,2021-10-19 14:33:07.976,1,2,2021-10-18 00:00:00,f
241,3,9,4,f,f,3,2,2021-10-19 14:33:07.976,1,2,2021-10-18 00:00:00,f
242,4,9,4,f,f,1,2,2021-10-19 14:33:07.976,1,2,2021-10-18 00:00:00,f
243,5,9,4,f,f,2,2,2021-10-19 14:33:07.976,1,2,2021-10-18 00:00:00,f
244,8,9,4,f,f,2,2,2021-10-19 14:33:07.976,1,2,2021-10-18 00:00:00,f
245,9,9,4,f,f,1,2,2021-10-19 14:33:07.976,1,2,2021-10-18 00:00:00,f
246,10,9,5,f,f,2,2,2021-10-21 14:20:13.402,1,2,2021-10-19 11:07:55.413,f
247,11,9,5,f,f,2,2,2021-10-21 14:20:13.402,1,2,2021-10-18 00:00:00,f
248,12,9,5,f,f,2,2,2021-10-21 14:20:13.402,1,2,2021-10-19 16:29:06.555,f
249,13,9,5,f,f,2,2,2021-10-21 14:19:33.132,1,2,2021-10-21 14:17:50.402,f
250,14,9,4,f,f,2,2,2021-10-19 14:33:07.962,1,2,2021-10-18 00:00:00,f
251,15,9,4,f,f,2,2,2021-10-19 14:33:07.966,1,2,2021-10-18 00:00:00,f
252,16,9,4,f,f,2,2,2021-10-19 14:33:07.966,1,2,2021-10-18 00:00:00,f
253,17,9,4,f,f,2,2,2021-10-19 14:33:07.966,1,2,2021-10-18 00:00:00,f
254,18,9,4,f,f,2,2,2021-10-19 14:33:07.966,1,2,2021-10-18 00:00:00,f
255,19,9,4,f,f,2,2,2021-10-19 14:33:07.966,1,2,2021-10-18 00:00:00,f
256,20,9,4,f,f,2,2,2021-10-19 14:33:07.966,1,2,2021-10-18 00:00:00,f
257,21,9,4,f,f,2,2,2021-10-19 14:33:07.967,1,2,2021-10-18 00:00:00,f
258,22,9,4,f,f,2,2,2021-10-19 14:33:07.967,1,2,2021-10-18 00:00:00,f
259,23,9,4,f,f,2,2,2021-10-19 14:33:07.967,1,2,2021-10-18 00:00:00,f
260,24,9,4,f,f,2,2,2021-10-19 14:33:07.967,1,2,2021-10-18 00:00:00,f
261,25,9,4,f,f,1,2,2021-10-19 14:33:07.967,1,2,2021-10-18 00:00:00,f
262,26,9,4,f,f,1,2,2021-10-19 14:33:07.967,1,2,2021-10-18 00:00:00,f
263,27,10,4,f,f,2,2,2021-10-19 14:33:07.967,1,2,2021-10-18 00:00:00,f
264,28,10,4,f,f,1,2,2021-10-19 14:33:07.968,1,2,2021-10-18 00:00:00,f
265,29,10,4,f,f,1,2,2021-10-19 14:33:07.969,1,2,2021-10-18 00:00:00,f
266,30,10,4,f,f,1,2,2021-10-19 14:33:07.969,1,2,2021-10-18 00:00:00,f
267,31,10,4,f,f,1,2,2021-10-19 14:33:07.969,1,2,2021-10-18 00:00:00,f
268,32,10,4,f,f,1,2,2021-10-19 14:33:07.97,1,2,2021-10-18 00:00:00,f
269,33,10,4,f,f,1,2,2021-10-19 14:33:07.97,1,2,2021-10-18 00:00:00,f
270,34,10,4,f,f,1,2,2021-10-19 14:33:07.97,1,2,2021-10-18 00:00:00,f
271,35,10,4,f,f,1,2,2021-10-19 14:33:07.97,1,2,2021-10-18 00:00:00,f
272,36,10,4,f,f,3,2,2021-10-19 14:33:07.97,1,2,2021-10-18 00:00:00,f
273,37,10,4,f,f,3,2,2021-10-19 14:33:07.97,1,2,2021-10-18 00:00:00,f
274,38,10,4,f,f,3,2,2021-10-19 14:33:07.97,1,2,2021-10-18 00:00:00,f
275,39,10,4,f,f,3,2,2021-10-19 14:33:07.97,1,2,2021-10-18 00:00:00,f
276,40,10,4,f,f,3,2,2021-10-19 14:33:07.971,1,2,2021-10-18 00:00:00,f
277,41,10,4,f,f,3,2,2021-10-19 14:33:07.971,1,2,2021-10-18 00:00:00,f
278,42,10,4,f,f,2,2,2021-10-19 14:33:07.967,1,2,2021-10-18 00:00:00,f
279,43,10,4,f,f,1,2,2021-10-19 14:33:07.968,1,2,2021-10-18 00:00:00,f
280,44,10,4,f,f,1,2,2021-10-19 14:33:07.969,1,2,2021-10-18 00:00:00,f
281,45,10,4,f,f,1,2,2021-10-19 14:33:07.969,1,2,2021-10-18 00:00:00,f
282,46,10,4,f,f,1,2,2021-10-19 14:33:07.969,1,2,2021-10-18 00:00:00,f
283,47,10,4,f,f,1,2,2021-10-19 14:33:07.97,1,2,2021-10-18 00:00:00,f
284,48,10,4,f,f,1,2,2021-10-19 14:33:07.97,1,2,2021-10-18 00:00:00,f
285,49,10,4,f,f,1,2,2021-10-19 14:33:07.97,1,2,2021-10-18 00:00:00,f
286,50,10,4,f,f,1,2,2021-10-19 14:33:07.97,1,2,2021-10-18 00:00:00,f
287,51,10,4,f,f,3,2,2021-10-19 14:33:07.97,1,2,2021-10-18 00:00:00,f
288,52,10,4,f,f,3,2,2021-10-19 14:33:07.97,1,2,2021-10-18 00:00:00,f
289,53,10,4,f,f,3,2,2021-10-19 14:33:07.97,1,2,2021-10-18 00:00:00,f
290,54,10,4,f,f,3,2,2021-10-19 14:33:07.97,1,2,2021-10-18 00:00:00,f
291,55,10,4,f,f,3,2,2021-10-19 14:33:07.971,1,2,2021-10-18 00:00:00,f
292,56,10,4,f,f,3,2,2021-10-19 14:33:07.971,1,2,2021-10-18 00:00:00,f
293,57,10,4,f,f,3,2,2021-10-19 14:33:07.971,1,2,2021-10-18 00:00:00,f
294,1,11,4,f,f,2,2,2021-10-19 14:33:07.976,1,2,2021-10-18 00:00:00,f
295,2,11,4,f,f,2,2,2021-10-19 14:33:07.976,1,2,2021-10-18 00:00:00,f
296,3,11,4,f,f,3,2,2021-10-19 14:33:07.976,1,2,2021-10-18 00:00:00,f
297,4,11,4,f,f,1,2,2021-10-19 14:33:07.976,1,2,2021-10-18 00:00:00,f
298,5,11,4,f,f,2,2,2021-10-19 14:33:07.976,1,2,2021-10-18 00:00:00,f
299,8,11,4,f,f,2,2,2021-10-19 14:33:07.976,1,2,2021-10-18 00:00:00,f
300,9,11,4,f,f,1,2,2021-10-19 14:33:07.976,1,2,2021-10-18 00:00:00,f
301,10,11,5,f,f,2,2,2021-10-21 14:20:13.402,1,2,2021-10-19 11:07:55.413,f
302,11,11,5,f,f,2,2,2021-10-21 14:20:13.402,1,2,2021-10-18 00:00:00,f
303,12,11,5,f,f,2,2,2021-10-21 14:20:13.402,1,2,2021-10-19 16:29:06.555,f
304,13,11,5,f,f,2,2,2021-10-21 14:19:33.132,1,2,2021-10-21 14:17:50.402,f
305,14,11,4,f,f,2,2,2021-10-19 14:33:07.962,1,2,2021-10-18 00:00:00,f
306,15,11,4,f,f,2,2,2021-10-19 14:33:07.966,1,2,2021-10-18 00:00:00,f
307,16,11,4,f,f,2,2,2021-10-19 14:33:07.966,1,2,2021-10-18 00:00:00,f
308,17,11,4,f,f,2,2,2021-10-19 14:33:07.966,1,2,2021-10-18 00:00:00,f
309,18,11,4,f,f,2,2,2021-10-19 14:33:07.966,1,2,2021-10-18 00:00:00,f
310,19,11,4,f,f,2,2,2021-10-19 14:33:07.966,1,2,2021-10-18 00:00:00,f
311,20,11,4,f,f,2,2,2021-10-19 14:33:07.966,1,2,2021-10-18 00:00:00,f
312,21,11,4,f,f,2,2,2021-10-19 14:33:07.967,1,2,2021-10-18 00:00:00,f
313,22,11,4,f,f,2,2,2021-10-19 14:33:07.967,1,2,2021-10-18 00:00:00,f
314,23,11,4,f,f,2,2,2021-10-19 14:33:07.967,1,2,2021-10-18 00:00:00,f
315,24,11,4,f,f,2,2,2021-10-19 14:33:07.967,1,2,2021-10-18 00:00:00,f
316,25,11,4,f,f,1,2,2021-10-19 14:33:07.967,1,2,2021-10-18 00:00:00,f
317,26,11,4,f,f,1,2,2021-10-19 14:33:07.967,1,2,2021-10-18 00:00:00,f
318,27,12,4,f,f,2,2,2021-10-19 14:33:07.967,1,2,2021-10-18 00:00:00,f
319,28,12,4,f,f,1,2,2021-10-19 14:33:07.968,1,2,2021-10-18 00:00:00,f
320,29,12,4,f,f,1,2,2021-10-19 14:33:07.969,1,2,2021-10-18 00:00:00,f
321,30,12,4,f,f,1,2,2021-10-19 14:33:07.969,1,2,2021-10-18 00:00:00,f
322,31,12,4,f,f,1,2,2021-10-19 14:33:07.969,1,2,2021-10-18 00:00:00,f
323,32,12,4,f,f,1,2,2021-10-19 14:33:07.97,1,2,2021-10-18 00:00:00,f
324,33,12,4,f,f,1,2,2021-10-19 14:33:07.97,1,2,2021-10-18 00:00:00,f
325,34,12,4,f,f,1,2,2021-10-19 14:33:07.97,1,2,2021-10-18 00:00:00,f
326,35,12,4,f,f,1,2,2021-10-19 14:33:07.97,1,2,2021-10-18 00:00:00,f
327,36,12,4,f,f,3,2,2021-10-19 14:33:07.97,1,2,2021-10-18 00:00:00,f
328,37,12,4,f,f,3,2,2021-10-19 14:33:07.97,1,2,2021-10-18 00:00:00,f
329,38,12,4,f,f,3,2,2021-10-19 14:33:07.97,1,2,2021-10-18 00:00:00,f
330,39,12,4,f,f,3,2,2021-10-19 14:33:07.97,1,2,2021-10-18 00:00:00,f
331,40,12,4,f,f,3,2,2021-10-19 14:33:07.971,1,2,2021-10-18 00:00:00,f
332,41,12,4,f,f,3,2,2021-10-19 14:33:07.971,1,2,2021-10-18 00:00:00,f
333,42,12,4,f,f,2,2,2021-10-19 14:33:07.967,1,2,2021-10-18 00:00:00,f
334,43,12,4,f,f,1,2,2021-10-19 14:33:07.968,1,2,2021-10-18 00:00:00,f
335,44,12,4,f,f,1,2,2021-10-19 14:33:07.969,1,2,2021-10-18 00:00:00,f
336,45,12,4,f,f,1,2,2021-10-19 14:33:07.969,1,2,2021-10-18 00:00:00,f
337,46,12,4,f,f,1,2,2021-10-19 14:33:07.969,1,2,2021-10-18 00:00:00,f
338,47,12,4,f,f,1,2,2021-10-19 14:33:07.97,1,2,2021-10-18 00:00:00,f
339,48,12,4,f,f,1,2,2021-10-19 14:33:07.97,1,2,2021-10-18 00:00:00,f
340,49,12,4,f,f,1,2,2021-10-19 14:33:07.97,1,2,2021-10-18 00:00:00,f
341,50,12,4,f,f,1,2,2021-10-19 14:33:07.97,1,2,2021-10-18 00:00:00,f
342,51,12,4,f,f,3,2,2021-10-19 14:33:07.97,1,2,2021-10-18 00:00:00,f
343,52,12,4,f,f,3,2,2021-10-19 14:33:07.97,1,2,2021-10-18 00:00:00,f
344,53,12,4,f,f,3,2,2021-10-19 14:33:07.97,1,2,2021-10-18 00:00:00,f
345,54,12,4,f,f,3,2,2021-10-19 14:33:07.97,1,2,2021-10-18 00:00:00,f
346,55,12,4,f,f,3,2,2021-10-19 14:33:07.971,1,2,2021-10-18 00:00:00,f
347,56,12,4,f,f,3,2,2021-10-19 14:33:07.971,1,2,2021-10-18 00:00:00,f
348,57,12,4,f,f,3,2,2021-10-19 14:33:07.971,1,2,2021-10-18 00:00:00,f
429,28,16,4,f,f,1,2,2021-10-19 14:33:07.968,1,2,2021-10-18 00:00:00,f
430,29,16,4,f,f,1,2,2021-10-19 14:33:07.969,1,2,2021-10-18 00:00:00,f
431,30,16,4,f,f,1,2,2021-10-19 14:33:07.969,1,2,2021-10-18 00:00:00,f
432,31,16,4,f,f,1,2,2021-10-19 14:33:07.969,1,2,2021-10-18 00:00:00,f
433,32,16,4,f,f,1,2,2021-10-19 14:33:07.97,1,2,2021-10-18 00:00:00,f
434,33,16,4,f,f,1,2,2021-10-19 14:33:07.97,1,2,2021-10-18 00:00:00,f
435,34,16,4,f,f,1,2,2021-10-19 14:33:07.97,1,2,2021-10-18 00:00:00,f
436,35,16,4,f,f,1,2,2021-10-19 14:33:07.97,1,2,2021-10-18 00:00:00,f
437,36,16,4,f,f,3,2,2021-10-19 14:33:07.97,1,2,2021-10-18 00:00:00,f
438,37,16,4,f,f,3,2,2021-10-19 14:33:07.97,1,2,2021-10-18 00:00:00,f
439,38,16,4,f,f,3,2,2021-10-19 14:33:07.97,1,2,2021-10-18 00:00:00,f
440,39,16,4,f,f,3,2,2021-10-19 14:33:07.97,1,2,2021-10-18 00:00:00,f
441,40,16,4,f,f,3,2,2021-10-19 14:33:07.971,1,2,2021-10-18 00:00:00,f
442,41,16,4,f,f,3,2,2021-10-19 14:33:07.971,1,2,2021-10-18 00:00:00,f
443,42,16,4,f,f,2,2,2021-10-19 14:33:07.967,1,2,2021-10-18 00:00:00,f
444,43,16,4,f,f,1,2,2021-10-19 14:33:07.968,1,2,2021-10-18 00:00:00,f
445,44,16,4,f,f,1,2,2021-10-19 14:33:07.969,1,2,2021-10-18 00:00:00,f
446,45,16,4,f,f,1,2,2021-10-19 14:33:07.969,1,2,2021-10-18 00:00:00,f
447,46,16,4,f,f,1,2,2021-10-19 14:33:07.969,1,2,2021-10-18 00:00:00,f
448,47,16,4,f,f,1,2,2021-10-19 14:33:07.97,1,2,2021-10-18 00:00:00,f
449,48,16,4,f,f,1,2,2021-10-19 14:33:07.97,1,2,2021-10-18 00:00:00,f
450,49,16,4,f,f,1,2,2021-10-19 14:33:07.97,1,2,2021-10-18 00:00:00,f
451,50,16,4,f,f,1,2,2021-10-19 14:33:07.97,1,2,2021-10-18 00:00:00,f
452,51,16,4,f,f,3,2,2021-10-19 14:33:07.97,1,2,2021-10-18 00:00:00,f
453,52,16,4,f,f,3,2,2021-10-19 14:33:07.97,1,2,2021-10-18 00:00:00,f
454,53,16,4,f,f,3,2,2021-10-19 14:33:07.97,1,2,2021-10-18 00:00:00,f
455,54,16,4,f,f,3,2,2021-10-19 14:33:07.97,1,2,2021-10-18 00:00:00,f
456,55,16,4,f,f,3,2,2021-10-19 14:33:07.971,1,2,2021-10-18 00:00:00,f
457,56,16,4,f,f,3,2,2021-10-19 14:33:07.971,1,2,2021-10-18 00:00:00,f
458,57,16,4,f,f,3,2,2021-10-19 14:33:07.971,1,2,2021-10-18 00:00:00,f
459,1,17,4,f,f,2,2,2021-10-19 14:33:07.976,1,2,2021-10-18 00:00:00,f
460,2,17,4,f,f,2,2,2021-10-19 14:33:07.976,1,2,2021-10-18 00:00:00,f
461,3,17,4,f,f,3,2,2021-10-19 14:33:07.976,1,2,2021-10-18 00:00:00,f
462,4,17,4,f,f,1,2,2021-10-19 14:33:07.976,1,2,2021-10-18 00:00:00,f
463,5,17,4,f,f,2,2,2021-10-19 14:33:07.976,1,2,2021-10-18 00:00:00,f
464,8,17,4,f,f,2,2,2021-10-19 14:33:07.976,1,2,2021-10-18 00:00:00,f
465,9,17,4,f,f,1,2,2021-10-19 14:33:07.976,1,2,2021-10-18 00:00:00,f
466,10,17,5,f,f,2,2,2021-10-21 14:20:13.402,1,2,2021-10-19 11:07:55.413,f
467,11,17,5,f,f,2,2,2021-10-21 14:20:13.402,1,2,2021-10-18 00:00:00,f
468,12,17,5,f,f,2,2,2021-10-21 14:20:13.402,1,2,2021-10-19 16:29:06.555,f
469,13,17,5,f,f,2,2,2021-10-21 14:19:33.132,1,2,2021-10-21 14:17:50.402,f
470,14,17,4,f,f,2,2,2021-10-19 14:33:07.962,1,2,2021-10-18 00:00:00,f
471,15,17,4,f,f,2,2,2021-10-19 14:33:07.966,1,2,2021-10-18 00:00:00,f
472,16,17,4,f,f,2,2,2021-10-19 14:33:07.966,1,2,2021-10-18 00:00:00,f
473,17,17,4,f,f,2,2,2021-10-19 14:33:07.966,1,2,2021-10-18 00:00:00,f
474,18,17,4,f,f,2,2,2021-10-19 14:33:07.966,1,2,2021-10-18 00:00:00,f
475,19,17,4,f,f,2,2,2021-10-19 14:33:07.966,1,2,2021-10-18 00:00:00,f
476,20,17,4,f,f,2,2,2021-10-19 14:33:07.966,1,2,2021-10-18 00:00:00,f
477,21,17,4,f,f,2,2,2021-10-19 14:33:07.967,1,2,2021-10-18 00:00:00,f
478,22,17,4,f,f,2,2,2021-10-19 14:33:07.967,1,2,2021-10-18 00:00:00,f
479,23,17,4,f,f,2,2,2021-10-19 14:33:07.967,1,2,2021-10-18 00:00:00,f
480,24,17,4,f,f,2,2,2021-10-19 14:33:07.967,1,2,2021-10-18 00:00:00,f
481,25,17,4,f,f,1,2,2021-10-19 14:33:07.967,1,2,2021-10-18 00:00:00,f
482,26,17,4,f,f,1,2,2021-10-19 14:33:07.967,1,2,2021-10-18 00:00:00,f
483,27,18,4,f,f,2,2,2021-10-19 14:33:07.967,1,2,2021-10-18 00:00:00,f
484,28,18,4,f,f,1,2,2021-10-19 14:33:07.968,1,2,2021-10-18 00:00:00,f
485,29,18,4,f,f,1,2,2021-10-19 14:33:07.969,1,2,2021-10-18 00:00:00,f
486,30,18,4,f,f,1,2,2021-10-19 14:33:07.969,1,2,2021-10-18 00:00:00,f
487,31,18,4,f,f,1,2,2021-10-19 14:33:07.969,1,2,2021-10-18 00:00:00,f
488,32,18,4,f,f,1,2,2021-10-19 14:33:07.97,1,2,2021-10-18 00:00:00,f
489,33,18,4,f,f,1,2,2021-10-19 14:33:07.97,1,2,2021-10-18 00:00:00,f
490,34,18,4,f,f,1,2,2021-10-19 14:33:07.97,1,2,2021-10-18 00:00:00,f
491,35,18,4,f,f,1,2,2021-10-19 14:33:07.97,1,2,2021-10-18 00:00:00,f
492,36,18,4,f,f,3,2,2021-10-19 14:33:07.97,1,2,2021-10-18 00:00:00,f
493,37,18,4,f,f,3,2,2021-10-19 14:33:07.97,1,2,2021-10-18 00:00:00,f
494,38,18,4,f,f,3,2,2021-10-19 14:33:07.97,1,2,2021-10-18 00:00:00,f
495,39,18,4,f,f,3,2,2021-10-19 14:33:07.97,1,2,2021-10-18 00:00:00,f
496,40,18,4,f,f,3,2,2021-10-19 14:33:07.971,1,2,2021-10-18 00:00:00,f
497,41,18,4,f,f,3,2,2021-10-19 14:33:07.971,1,2,2021-10-18 00:00:00,f
498,42,18,4,f,f,2,2,2021-10-19 14:33:07.967,1,2,2021-10-18 00:00:00,f
499,43,18,4,f,f,1,2,2021-10-19 14:33:07.968,1,2,2021-10-18 00:00:00,f
500,44,18,4,f,f,1,2,2021-10-19 14:33:07.969,1,2,2021-10-18 00:00:00,f
501,45,18,4,f,f,1,2,2021-10-19 14:33:07.969,1,2,2021-10-18 00:00:00,f
502,46,18,4,f,f,1,2,2021-10-19 14:33:07.969,1,2,2021-10-18 00:00:00,f
503,47,18,4,f,f,1,2,2021-10-19 14:33:07.97,1,2,2021-10-18 00:00:00,f
504,48,18,4,f,f,1,2,2021-10-19 14:33:07.97,1,2,2021-10-18 00:00:00,f
505,49,18,4,f,f,1,2,2021-10-19 14:33:07.97,1,2,2021-10-18 00:00:00,f
506,50,18,4,f,f,1,2,2021-10-19 14:33:07.97,1,2,2021-10-18 00:00:00,f
507,51,18,4,f,f,3,2,2021-10-19 14:33:07.97,1,2,2021-10-18 00:00:00,f
508,52,18,4,f,f,3,2,2021-10-19 14:33:07.97,1,2,2021-10-18 00:00:00,f
509,53,18,4,f,f,3,2,2021-10-19 14:33:07.97,1,2,2021-10-18 00:00:00,f
510,54,18,4,f,f,3,2,2021-10-19 14:33:07.97,1,2,2021-10-18 00:00:00,f
511,55,18,4,f,f,3,2,2021-10-19 14:33:07.971,1,2,2021-10-18 00:00:00,f
512,56,18,4,f,f,3,2,2021-10-19 14:33:07.971,1,2,2021-10-18 00:00:00,f
513,57,18,4,f,f,3,2,2021-10-19 14:33:07.971,1,2,2021-10-18 00:00:00,f
514,1,19,4,f,f,2,2,2021-10-19 14:33:07.976,1,2,2021-10-18 00:00:00,f
515,2,19,4,f,f,2,2,2021-10-19 14:33:07.976,1,2,2021-10-18 00:00:00,f
516,3,19,4,f,f,3,2,2021-10-19 14:33:07.976,1,2,2021-10-18 00:00:00,f
517,4,19,4,f,f,1,2,2021-10-19 14:33:07.976,1,2,2021-10-18 00:00:00,f
518,5,19,4,f,f,2,2,2021-10-19 14:33:07.976,1,2,2021-10-18 00:00:00,f
519,8,19,4,f,f,2,2,2021-10-19 14:33:07.976,1,2,2021-10-18 00:00:00,f
520,9,19,4,f,f,1,2,2021-10-19 14:33:07.976,1,2,2021-10-18 00:00:00,f
521,10,19,5,f,f,2,2,2021-10-21 14:20:13.402,1,2,2021-10-19 11:07:55.413,f
522,11,19,5,f,f,2,2,2021-10-21 14:20:13.402,1,2,2021-10-18 00:00:00,f
523,12,19,5,f,f,2,2,2021-10-21 14:20:13.402,1,2,2021-10-19 16:29:06.555,f
524,13,19,5,f,f,2,2,2021-10-21 14:19:33.132,1,2,2021-10-21 14:17:50.402,f
525,14,19,4,f,f,2,2,2021-10-19 14:33:07.962,1,2,2021-10-18 00:00:00,f
526,15,19,4,f,f,2,2,2021-10-19 14:33:07.966,1,2,2021-10-18 00:00:00,f
527,16,19,4,f,f,2,2,2021-10-19 14:33:07.966,1,2,2021-10-18 00:00:00,f
528,17,19,4,f,f,2,2,2021-10-19 14:33:07.966,1,2,2021-10-18 00:00:00,f
529,18,19,4,f,f,2,2,2021-10-19 14:33:07.966,1,2,2021-10-18 00:00:00,f
530,19,19,4,f,f,2,2,2021-10-19 14:33:07.966,1,2,2021-10-18 00:00:00,f
531,20,19,4,f,f,2,2,2021-10-19 14:33:07.966,1,2,2021-10-18 00:00:00,f
532,21,19,4,f,f,2,2,2021-10-19 14:33:07.967,1,2,2021-10-18 00:00:00,f
533,22,19,4,f,f,2,2,2021-10-19 14:33:07.967,1,2,2021-10-18 00:00:00,f
534,23,19,4,f,f,2,2,2021-10-19 14:33:07.967,1,2,2021-10-18 00:00:00,f
535,24,19,4,f,f,2,2,2021-10-19 14:33:07.967,1,2,2021-10-18 00:00:00,f
536,25,19,4,f,f,1,2,2021-10-19 14:33:07.967,1,2,2021-10-18 00:00:00,f
537,26,19,4,f,f,1,2,2021-10-19 14:33:07.967,1,2,2021-10-18 00:00:00,f
538,27,20,4,f,f,2,2,2021-10-19 14:33:07.967,1,2,2021-10-18 00:00:00,f
539,28,20,4,f,f,1,2,2021-10-19 14:33:07.968,1,2,2021-10-18 00:00:00,f
540,29,20,4,f,f,1,2,2021-10-19 14:33:07.969,1,2,2021-10-18 00:00:00,f
541,30,20,4,f,f,1,2,2021-10-19 14:33:07.969,1,2,2021-10-18 00:00:00,f
542,31,20,4,f,f,1,2,2021-10-19 14:33:07.969,1,2,2021-10-18 00:00:00,f
543,32,20,4,f,f,1,2,2021-10-19 14:33:07.97,1,2,2021-10-18 00:00:00,f
544,33,20,4,f,f,1,2,2021-10-19 14:33:07.97,1,2,2021-10-18 00:00:00,f
545,34,20,4,f,f,1,2,2021-10-19 14:33:07.97,1,2,2021-10-18 00:00:00,f
546,35,20,4,f,f,1,2,2021-10-19 14:33:07.97,1,2,2021-10-18 00:00:00,f
547,36,20,4,f,f,3,2,2021-10-19 14:33:07.97,1,2,2021-10-18 00:00:00,f
548,37,20,4,f,f,3,2,2021-10-19 14:33:07.97,1,2,2021-10-18 00:00:00,f
549,38,20,4,f,f,3,2,2021-10-19 14:33:07.97,1,2,2021-10-18 00:00:00,f
550,39,20,4,f,f,3,2,2021-10-19 14:33:07.97,1,2,2021-10-18 00:00:00,f
551,40,20,4,f,f,3,2,2021-10-19 14:33:07.971,1,2,2021-10-18 00:00:00,f
552,41,20,4,f,f,3,2,2021-10-19 14:33:07.971,1,2,2021-10-18 00:00:00,f
553,42,20,4,f,f,2,2,2021-10-19 14:33:07.967,1,2,2021-10-18 00:00:00,f
554,43,20,4,f,f,1,2,2021-10-19 14:33:07.968,1,2,2021-10-18 00:00:00,f
555,44,20,4,f,f,1,2,2021-10-19 14:33:07.969,1,2,2021-10-18 00:00:00,f
556,45,20,4,f,f,1,2,2021-10-19 14:33:07.969,1,2,2021-10-18 00:00:00,f
557,46,20,4,f,f,1,2,2021-10-19 14:33:07.969,1,2,2021-10-18 00:00:00,f
558,47,20,4,f,f,1,2,2021-10-19 14:33:07.97,1,2,2021-10-18 00:00:00,f
559,48,20,4,f,f,1,2,2021-10-19 14:33:07.97,1,2,2021-10-18 00:00:00,f
560,49,20,4,f,f,1,2,2021-10-19 14:33:07.97,1,2,2021-10-18 00:00:00,f
561,50,20,4,f,f,1,2,2021-10-19 14:33:07.97,1,2,2021-10-18 00:00:00,f
562,51,20,4,f,f,3,2,2021-10-19 14:33:07.97,1,2,2021-10-18 00:00:00,f
563,52,20,4,f,f,3,2,2021-10-19 14:33:07.97,1,2,2021-10-18 00:00:00,f
564,53,20,4,f,f,3,2,2021-10-19 14:33:07.97,1,2,2021-10-18 00:00:00,f
565,54,20,4,f,f,3,2,2021-10-19 14:33:07.97,1,2,2021-10-18 00:00:00,f
566,55,20,4,f,f,3,2,2021-10-19 14:33:07.971,1,2,2021-10-18 00:00:00,f
567,56,20,4,f,f,3,2,2021-10-19 14:33:07.971,1,2,2021-10-18 00:00:00,f
568,57,20,4,f,f,3,2,2021-10-19 14:33:07.971,1,2,2021-10-18 00:00:00,f
569,1,21,4,f,f,2,2,2021-10-19 14:33:07.976,1,2,2021-10-18 00:00:00,f
570,2,21,4,f,f,2,2,2021-10-19 14:33:07.976,1,2,2021-10-18 00:00:00,f
571,3,21,4,f,f,3,2,2021-10-19 14:33:07.976,1,2,2021-10-18 00:00:00,f
572,4,21,4,f,f,1,2,2021-10-19 14:33:07.976,1,2,2021-10-18 00:00:00,f
573,5,21,4,f,f,2,2,2021-10-19 14:33:07.976,1,2,2021-10-18 00:00:00,f
574,8,21,4,f,f,2,2,2021-10-19 14:33:07.976,1,2,2021-10-18 00:00:00,f
575,9,21,4,f,f,1,2,2021-10-19 14:33:07.976,1,2,2021-10-18 00:00:00,f
576,10,21,5,f,f,2,2,2021-10-21 14:20:13.402,1,2,2021-10-19 11:07:55.413,f
577,11,21,5,f,f,2,2,2021-10-21 14:20:13.402,1,2,2021-10-18 00:00:00,f
578,12,21,5,f,f,2,2,2021-10-21 14:20:13.402,1,2,2021-10-19 16:29:06.555,f
579,13,21,5,f,f,2,2,2021-10-21 14:19:33.132,1,2,2021-10-21 14:17:50.402,f
580,14,21,4,f,f,2,2,2021-10-19 14:33:07.962,1,2,2021-10-18 00:00:00,f
581,15,21,4,f,f,2,2,2021-10-19 14:33:07.966,1,2,2021-10-18 00:00:00,f
582,16,21,4,f,f,2,2,2021-10-19 14:33:07.966,1,2,2021-10-18 00:00:00,f
583,17,21,4,f,f,2,2,2021-10-19 14:33:07.966,1,2,2021-10-18 00:00:00,f
584,18,21,4,f,f,2,2,2021-10-19 14:33:07.966,1,2,2021-10-18 00:00:00,f
585,19,21,4,f,f,2,2,2021-10-19 14:33:07.966,1,2,2021-10-18 00:00:00,f
586,20,21,4,f,f,2,2,2021-10-19 14:33:07.966,1,2,2021-10-18 00:00:00,f
587,21,21,4,f,f,2,2,2021-10-19 14:33:07.967,1,2,2021-10-18 00:00:00,f
588,22,21,4,f,f,2,2,2021-10-19 14:33:07.967,1,2,2021-10-18 00:00:00,f
589,23,21,4,f,f,2,2,2021-10-19 14:33:07.967,1,2,2021-10-18 00:00:00,f
590,24,21,4,f,f,2,2,2021-10-19 14:33:07.967,1,2,2021-10-18 00:00:00,f
591,25,21,4,f,f,1,2,2021-10-19 14:33:07.967,1,2,2021-10-18 00:00:00,f
592,26,21,4,f,f,1,2,2021-10-19 14:33:07.967,1,2,2021-10-18 00:00:00,f
593,27,22,4,f,f,2,2,2021-10-19 14:33:07.967,1,2,2021-10-18 00:00:00,f
594,28,22,4,f,f,1,2,2021-10-19 14:33:07.968,1,2,2021-10-18 00:00:00,f
595,29,22,4,f,f,1,2,2021-10-19 14:33:07.969,1,2,2021-10-18 00:00:00,f
596,30,22,4,f,f,1,2,2021-10-19 14:33:07.969,1,2,2021-10-18 00:00:00,f
597,31,22,4,f,f,1,2,2021-10-19 14:33:07.969,1,2,2021-10-18 00:00:00,f
598,32,22,4,f,f,1,2,2021-10-19 14:33:07.97,1,2,2021-10-18 00:00:00,f
599,33,22,4,f,f,1,2,2021-10-19 14:33:07.97,1,2,2021-10-18 00:00:00,f
600,34,22,4,f,f,1,2,2021-10-19 14:33:07.97,1,2,2021-10-18 00:00:00,f
601,35,22,4,f,f,1,2,2021-10-19 14:33:07.97,1,2,2021-10-18 00:00:00,f
602,36,22,4,f,f,3,2,2021-10-19 14:33:07.97,1,2,2021-10-18 00:00:00,f
603,37,22,4,f,f,3,2,2021-10-19 14:33:07.97,1,2,2021-10-18 00:00:00,f
604,38,22,4,f,f,3,2,2021-10-19 14:33:07.97,1,2,2021-10-18 00:00:00,f
605,39,22,4,f,f,3,2,2021-10-19 14:33:07.97,1,2,2021-10-18 00:00:00,f
606,40,22,4,f,f,3,2,2021-10-19 14:33:07.971,1,2,2021-10-18 00:00:00,f
607,41,22,4,f,f,3,2,2021-10-19 14:33:07.971,1,2,2021-10-18 00:00:00,f
608,42,22,4,f,f,2,2,2021-10-19 14:33:07.967,1,2,2021-10-18 00:00:00,f
609,43,22,4,f,f,1,2,2021-10-19 14:33:07.968,1,2,2021-10-18 00:00:00,f
610,44,22,4,f,f,1,2,2021-10-19 14:33:07.969,1,2,2021-10-18 00:00:00,f
611,45,22,4,f,f,1,2,2021-10-19 14:33:07.969,1,2,2021-10-18 00:00:00,f
612,46,22,4,f,f,1,2,2021-10-19 14:33:07.969,1,2,2021-10-18 00:00:00,f
613,47,22,4,f,f,1,2,2021-10-19 14:33:07.97,1,2,2021-10-18 00:00:00,f
614,48,22,4,f,f,1,2,2021-10-19 14:33:07.97,1,2,2021-10-18 00:00:00,f
615,49,22,4,f,f,1,2,2021-10-19 14:33:07.97,1,2,2021-10-18 00:00:00,f
616,50,22,4,f,f,1,2,2021-10-19 14:33:07.97,1,2,2021-10-18 00:00:00,f
617,51,22,4,f,f,3,2,2021-10-19 14:33:07.97,1,2,2021-10-18 00:00:00,f
618,52,22,4,f,f,3,2,2021-10-19 14:33:07.97,1,2,2021-10-18 00:00:00,f
619,53,22,4,f,f,3,2,2021-10-19 14:33:07.97,1,2,2021-10-18 00:00:00,f
620,54,22,4,f,f,3,2,2021-10-19 14:33:07.97,1,2,2021-10-18 00:00:00,f
621,55,22,4,f,f,3,2,2021-10-19 14:33:07.971,1,2,2021-10-18 00:00:00,f
622,56,22,4,f,f,3,2,2021-10-19 14:33:07.971,1,2,2021-10-18 00:00:00,f
623,57,22,4,f,f,3,2,2021-10-19 14:33:07.971,1,2,2021-10-18 00:00:00,f
