7,9,50,3,2021-10-18 00:00:00,2021-10-21 09:11:50.823,f
13,15,50,5,2021-10-18 00:00:00,2021-10-21 09:11:50.824,f
4,4,50,3,2021-10-18 00:00:00,2021-10-21 09:11:50.823,f
1,1,50,3,2021-10-18 00:00:00,2021-10-21 09:11:50.822,f
14,16,50,5,2021-10-18 00:00:00,2021-10-21 09:11:50.825,f
32,34,51,2,2021-10-21 14:30:39.309,2021-10-21 14:35:57.2,t
10,12,50,5,2021-10-18 00:00:00,2021-10-21 09:11:50.824,f
15,17,50,5,2021-10-18 00:00:00,2021-10-21 09:11:50.825,f
16,18,50,5,2021-10-18 00:00:00,2021-10-21 09:11:50.825,f
5,5,50,3,2021-10-18 00:00:00,2021-10-21 09:11:50.823,f
17,19,50,1,2021-10-18 00:00:00,2021-10-21 09:11:50.825,f
11,13,50,4,2021-10-18 00:00:00,2021-10-21 09:11:50.824,f
20,22,50,3,2021-10-18 00:00:00,2021-10-21 09:11:50.825,f
26,27,51,5,2021-10-18 00:00:00,2021-10-21 09:11:50.826,f
29,30,51,1,2021-10-21 08:38:01.298,2021-10-21 09:11:50.826,f
24,25,50,5,2021-10-18 00:00:00,2021-10-21 09:11:50.826,f
8,10,50,3,2021-10-18 00:00:00,2021-10-21 09:11:50.823,f
28,29,51,2,2021-10-18 00:00:00,2021-10-21 09:11:50.826,f
21,23,50,5,2021-10-18 00:00:00,2021-10-21 09:11:50.826,f
27,28,51,1,2021-10-18 00:00:00,2021-10-21 09:11:50.826,f
31,32,51,2,2021-10-21 08:39:34.098,2021-10-21 09:11:50.827,f
30,31,51,2,2021-10-21 08:38:56.56,2021-10-21 09:11:50.827,f
2,2,50,3,2021-10-18 00:00:00,2021-10-21 09:11:50.822,f
19,21,50,2,2021-10-18 00:00:00,2021-10-21 09:11:50.825,f
12,14,50,4,2021-10-18 00:00:00,2021-10-21 09:11:50.824,f
18,20,50,2,2021-10-18 00:00:00,2021-10-21 09:11:50.825,f
25,26,50,5,2021-10-18 00:00:00,2021-10-21 09:11:50.826,f
9,11,50,4,2021-10-18 00:00:00,2021-10-21 09:11:50.823,f
3,3,50,3,2021-10-18 00:00:00,2021-10-21 09:11:50.823,f
6,8,50,3,2021-10-18 00:00:00,2021-10-21 09:11:50.823,f
23,33,51,5,2021-10-18 00:00:00,2021-10-21 14:35:19.513,f
22,24,50,5,2021-10-18 00:00:00,2021-10-21 09:11:50.826,f
33,35,51,3,2021-10-18 00:00:00,2021-10-21 09:11:50.822,f
34,36,51,3,2021-10-18 00:00:00,2021-10-21 09:11:50.822,f
35,37,51,3,2021-10-18 00:00:00,2021-10-21 09:11:50.823,f
36,38,51,3,2021-10-18 00:00:00,2021-10-21 09:11:50.823,f
37,39,51,3,2021-10-18 00:00:00,2021-10-21 09:11:50.823,f
38,40,51,3,2021-10-18 00:00:00,2021-10-21 09:11:50.823,f
39,41,51,3,2021-10-18 00:00:00,2021-10-21 09:11:50.823,f
40,42,51,3,2021-10-18 00:00:00,2021-10-21 09:11:50.823,f
41,43,51,4,2021-10-18 00:00:00,2021-10-21 09:11:50.823,f
42,44,51,5,2021-10-18 00:00:00,2021-10-21 09:11:50.824,f
43,45,51,4,2021-10-18 00:00:00,2021-10-21 09:11:50.824,f
44,46,51,4,2021-10-18 00:00:00,2021-10-21 09:11:50.824,f
45,47,51,5,2021-10-18 00:00:00,2021-10-21 09:11:50.824,f
46,48,51,5,2021-10-18 00:00:00,2021-10-21 09:11:50.825,f
47,49,51,5,2021-10-18 00:00:00,2021-10-21 09:11:50.825,f
48,50,51,5,2021-10-18 00:00:00,2021-10-21 09:11:50.825,f
49,51,51,1,2021-10-18 00:00:00,2021-10-21 09:11:50.825,f
50,52,51,2,2021-10-18 00:00:00,2021-10-21 09:11:50.825,f
51,53,51,2,2021-10-18 00:00:00,2021-10-21 09:11:50.825,f
52,54,51,3,2021-10-18 00:00:00,2021-10-21 09:11:50.825,f
53,55,51,5,2021-10-18 00:00:00,2021-10-21 09:11:50.826,f
54,56,51,5,2021-10-18 00:00:00,2021-10-21 09:11:50.826,f
55,57,51,5,2021-10-18 00:00:00,2021-10-21 09:11:50.826,f
56,1,52,3,2021-10-18 00:00:00,2021-10-21 09:11:50.822,f
57,2,52,3,2021-10-18 00:00:00,2021-10-21 09:11:50.822,f
58,3,52,3,2021-10-18 00:00:00,2021-10-21 09:11:50.823,f
59,4,52,3,2021-10-18 00:00:00,2021-10-21 09:11:50.823,f
60,5,52,3,2021-10-18 00:00:00,2021-10-21 09:11:50.823,f
61,8,52,3,2021-10-18 00:00:00,2021-10-21 09:11:50.823,f
62,9,52,3,2021-10-18 00:00:00,2021-10-21 09:11:50.823,f
63,10,52,3,2021-10-18 00:00:00,2021-10-21 09:11:50.823,f
64,11,52,4,2021-10-18 00:00:00,2021-10-21 09:11:50.823,f
65,12,52,5,2021-10-18 00:00:00,2021-10-21 09:11:50.824,f
66,13,52,4,2021-10-18 00:00:00,2021-10-21 09:11:50.824,f
67,14,52,4,2021-10-18 00:00:00,2021-10-21 09:11:50.824,f
68,15,52,5,2021-10-18 00:00:00,2021-10-21 09:11:50.824,f
69,16,52,5,2021-10-18 00:00:00,2021-10-21 09:11:50.825,f
70,17,52,5,2021-10-18 00:00:00,2021-10-21 09:11:50.825,f
71,18,52,5,2021-10-18 00:00:00,2021-10-21 09:11:50.825,f
72,19,52,1,2021-10-18 00:00:00,2021-10-21 09:11:50.825,f
73,20,52,2,2021-10-18 00:00:00,2021-10-21 09:11:50.825,f
74,21,52,2,2021-10-18 00:00:00,2021-10-21 09:11:50.825,f
75,22,52,3,2021-10-18 00:00:00,2021-10-21 09:11:50.825,f
76,23,52,5,2021-10-18 00:00:00,2021-10-21 09:11:50.826,f
77,24,52,5,2021-10-18 00:00:00,2021-10-21 09:11:50.826,f
78,25,52,5,2021-10-18 00:00:00,2021-10-21 09:11:50.826,f
79,26,52,5,2021-10-18 00:00:00,2021-10-21 09:11:50.826,f
80,27,53,5,2021-10-18 00:00:00,2021-10-21 09:11:50.826,f
81,28,53,1,2021-10-18 00:00:00,2021-10-21 09:11:50.826,f
82,29,53,2,2021-10-18 00:00:00,2021-10-21 09:11:50.826,f
83,30,53,1,2021-10-21 08:38:01.298,2021-10-21 09:11:50.826,f
84,31,53,2,2021-10-21 08:38:56.56,2021-10-21 09:11:50.827,f
85,32,53,2,2021-10-21 08:39:34.098,2021-10-21 09:11:50.827,f
86,33,53,5,2021-10-18 00:00:00,2021-10-21 14:35:19.513,f
87,34,53,2,2021-10-21 14:30:39.309,2021-10-21 14:35:57.2,t
88,35,53,3,2021-10-18 00:00:00,2021-10-21 09:11:50.822,f
89,36,53,3,2021-10-18 00:00:00,2021-10-21 09:11:50.822,f
90,37,53,3,2021-10-18 00:00:00,2021-10-21 09:11:50.823,f
91,38,53,3,2021-10-18 00:00:00,2021-10-21 09:11:50.823,f
92,39,53,3,2021-10-18 00:00:00,2021-10-21 09:11:50.823,f
93,40,53,3,2021-10-18 00:00:00,2021-10-21 09:11:50.823,f
94,41,53,3,2021-10-18 00:00:00,2021-10-21 09:11:50.823,f
95,42,53,3,2021-10-18 00:00:00,2021-10-21 09:11:50.823,f
96,43,53,4,2021-10-18 00:00:00,2021-10-21 09:11:50.823,f
97,44,53,5,2021-10-18 00:00:00,2021-10-21 09:11:50.824,f
98,45,53,4,2021-10-18 00:00:00,2021-10-21 09:11:50.824,f
99,46,53,4,2021-10-18 00:00:00,2021-10-21 09:11:50.824,f
100,47,53,5,2021-10-18 00:00:00,2021-10-21 09:11:50.824,f
101,48,53,5,2021-10-18 00:00:00,2021-10-21 09:11:50.825,f
102,49,53,5,2021-10-18 00:00:00,2021-10-21 09:11:50.825,f
103,50,53,5,2021-10-18 00:00:00,2021-10-21 09:11:50.825,f
104,51,53,1,2021-10-18 00:00:00,2021-10-21 09:11:50.825,f
105,52,53,2,2021-10-18 00:00:00,2021-10-21 09:11:50.825,f
106,53,53,2,2021-10-18 00:00:00,2021-10-21 09:11:50.825,f
107,54,53,3,2021-10-18 00:00:00,2021-10-21 09:11:50.825,f
108,55,53,5,2021-10-18 00:00:00,2021-10-21 09:11:50.826,f
109,56,53,5,2021-10-18 00:00:00,2021-10-21 09:11:50.826,f
110,57,53,5,2021-10-18 00:00:00,2021-10-21 09:11:50.826,f
111,1,54,3,2021-10-18 00:00:00,2021-10-21 09:11:50.822,f
112,2,54,3,2021-10-18 00:00:00,2021-10-21 09:11:50.822,f
113,3,54,3,2021-10-18 00:00:00,2021-10-21 09:11:50.823,f
114,4,54,3,2021-10-18 00:00:00,2021-10-21 09:11:50.823,f
115,5,54,3,2021-10-18 00:00:00,2021-10-21 09:11:50.823,f
116,8,54,3,2021-10-18 00:00:00,2021-10-21 09:11:50.823,f
117,9,54,3,2021-10-18 00:00:00,2021-10-21 09:11:50.823,f
118,10,54,3,2021-10-18 00:00:00,2021-10-21 09:11:50.823,f
119,11,54,4,2021-10-18 00:00:00,2021-10-21 09:11:50.823,f
120,12,54,5,2021-10-18 00:00:00,2021-10-21 09:11:50.824,f
121,13,54,4,2021-10-18 00:00:00,2021-10-21 09:11:50.824,f
122,14,54,4,2021-10-18 00:00:00,2021-10-21 09:11:50.824,f
123,15,54,5,2021-10-18 00:00:00,2021-10-21 09:11:50.824,f
124,16,54,5,2021-10-18 00:00:00,2021-10-21 09:11:50.825,f
125,17,54,5,2021-10-18 00:00:00,2021-10-21 09:11:50.825,f
126,18,54,5,2021-10-18 00:00:00,2021-10-21 09:11:50.825,f
127,19,54,1,2021-10-18 00:00:00,2021-10-21 09:11:50.825,f
128,20,54,2,2021-10-18 00:00:00,2021-10-21 09:11:50.825,f
129,21,54,2,2021-10-18 00:00:00,2021-10-21 09:11:50.825,f
130,22,54,3,2021-10-18 00:00:00,2021-10-21 09:11:50.825,f
131,23,54,5,2021-10-18 00:00:00,2021-10-21 09:11:50.826,f
132,24,54,5,2021-10-18 00:00:00,2021-10-21 09:11:50.826,f
133,25,54,5,2021-10-18 00:00:00,2021-10-21 09:11:50.826,f
134,26,54,5,2021-10-18 00:00:00,2021-10-21 09:11:50.826,f
135,27,55,5,2021-10-18 00:00:00,2021-10-21 09:11:50.826,f
136,28,55,1,2021-10-18 00:00:00,2021-10-21 09:11:50.826,f
137,29,55,2,2021-10-18 00:00:00,2021-10-21 09:11:50.826,f
138,30,55,1,2021-10-21 08:38:01.298,2021-10-21 09:11:50.826,f
139,31,55,2,2021-10-21 08:38:56.56,2021-10-21 09:11:50.827,f
140,32,55,2,2021-10-21 08:39:34.098,2021-10-21 09:11:50.827,f
141,33,55,5,2021-10-18 00:00:00,2021-10-21 14:35:19.513,f
142,34,55,2,2021-10-21 14:30:39.309,2021-10-21 14:35:57.2,t
143,35,55,3,2021-10-18 00:00:00,2021-10-21 09:11:50.822,f
144,36,55,3,2021-10-18 00:00:00,2021-10-21 09:11:50.822,f
145,37,55,3,2021-10-18 00:00:00,2021-10-21 09:11:50.823,f
146,38,55,3,2021-10-18 00:00:00,2021-10-21 09:11:50.823,f
147,39,55,3,2021-10-18 00:00:00,2021-10-21 09:11:50.823,f
148,40,55,3,2021-10-18 00:00:00,2021-10-21 09:11:50.823,f
149,41,55,3,2021-10-18 00:00:00,2021-10-21 09:11:50.823,f
150,42,55,3,2021-10-18 00:00:00,2021-10-21 09:11:50.823,f
151,43,55,4,2021-10-18 00:00:00,2021-10-21 09:11:50.823,f
152,44,55,5,2021-10-18 00:00:00,2021-10-21 09:11:50.824,f
153,45,55,4,2021-10-18 00:00:00,2021-10-21 09:11:50.824,f
154,46,55,4,2021-10-18 00:00:00,2021-10-21 09:11:50.824,f
155,47,55,5,2021-10-18 00:00:00,2021-10-21 09:11:50.824,f
156,48,55,5,2021-10-18 00:00:00,2021-10-21 09:11:50.825,f
157,49,55,5,2021-10-18 00:00:00,2021-10-21 09:11:50.825,f
158,50,55,5,2021-10-18 00:00:00,2021-10-21 09:11:50.825,f
159,51,55,1,2021-10-18 00:00:00,2021-10-21 09:11:50.825,f
160,52,55,2,2021-10-18 00:00:00,2021-10-21 09:11:50.825,f
161,53,55,2,2021-10-18 00:00:00,2021-10-21 09:11:50.825,f
162,54,55,3,2021-10-18 00:00:00,2021-10-21 09:11:50.825,f
163,55,55,5,2021-10-18 00:00:00,2021-10-21 09:11:50.826,f
164,56,55,5,2021-10-18 00:00:00,2021-10-21 09:11:50.826,f
165,57,55,5,2021-10-18 00:00:00,2021-10-21 09:11:50.826,f
166,1,56,3,2021-10-18 00:00:00,2021-10-21 09:11:50.822,f
167,2,56,3,2021-10-18 00:00:00,2021-10-21 09:11:50.822,f
168,3,56,3,2021-10-18 00:00:00,2021-10-21 09:11:50.823,f
169,4,56,3,2021-10-18 00:00:00,2021-10-21 09:11:50.823,f
170,5,56,3,2021-10-18 00:00:00,2021-10-21 09:11:50.823,f
171,8,56,3,2021-10-18 00:00:00,2021-10-21 09:11:50.823,f
172,9,56,3,2021-10-18 00:00:00,2021-10-21 09:11:50.823,f
173,10,56,3,2021-10-18 00:00:00,2021-10-21 09:11:50.823,f
174,11,56,4,2021-10-18 00:00:00,2021-10-21 09:11:50.823,f
175,12,56,5,2021-10-18 00:00:00,2021-10-21 09:11:50.824,f
176,13,56,4,2021-10-18 00:00:00,2021-10-21 09:11:50.824,f
177,14,56,4,2021-10-18 00:00:00,2021-10-21 09:11:50.824,f
178,15,56,5,2021-10-18 00:00:00,2021-10-21 09:11:50.824,f
179,16,56,5,2021-10-18 00:00:00,2021-10-21 09:11:50.825,f
180,17,56,5,2021-10-18 00:00:00,2021-10-21 09:11:50.825,f
181,18,56,5,2021-10-18 00:00:00,2021-10-21 09:11:50.825,f
182,19,56,1,2021-10-18 00:00:00,2021-10-21 09:11:50.825,f
183,20,56,2,2021-10-18 00:00:00,2021-10-21 09:11:50.825,f
184,21,56,2,2021-10-18 00:00:00,2021-10-21 09:11:50.825,f
185,22,56,3,2021-10-18 00:00:00,2021-10-21 09:11:50.825,f
186,23,56,5,2021-10-18 00:00:00,2021-10-21 09:11:50.826,f
187,24,56,5,2021-10-18 00:00:00,2021-10-21 09:11:50.826,f
188,25,56,5,2021-10-18 00:00:00,2021-10-21 09:11:50.826,f
189,26,56,5,2021-10-18 00:00:00,2021-10-21 09:11:50.826,f
190,27,56,5,2021-10-18 00:00:00,2021-10-21 09:11:50.826,f
191,28,56,1,2021-10-18 00:00:00,2021-10-21 09:11:50.826,f
192,29,56,2,2021-10-18 00:00:00,2021-10-21 09:11:50.826,f
193,30,56,1,2021-10-21 08:38:01.298,2021-10-21 09:11:50.826,f
194,31,56,2,2021-10-21 08:38:56.56,2021-10-21 09:11:50.827,f
195,32,56,2,2021-10-21 08:39:34.098,2021-10-21 09:11:50.827,f
196,33,56,5,2021-10-18 00:00:00,2021-10-21 14:35:19.513,f
197,34,56,2,2021-10-21 14:30:39.309,2021-10-21 14:35:57.2,t
198,35,56,3,2021-10-18 00:00:00,2021-10-21 09:11:50.822,f
199,36,56,3,2021-10-18 00:00:00,2021-10-21 09:11:50.822,f
200,37,56,3,2021-10-18 00:00:00,2021-10-21 09:11:50.823,f
201,38,56,3,2021-10-18 00:00:00,2021-10-21 09:11:50.823,f
202,39,56,3,2021-10-18 00:00:00,2021-10-21 09:11:50.823,f
203,40,56,3,2021-10-18 00:00:00,2021-10-21 09:11:50.823,f
204,41,56,3,2021-10-18 00:00:00,2021-10-21 09:11:50.823,f
205,42,56,3,2021-10-18 00:00:00,2021-10-21 09:11:50.823,f
206,43,56,4,2021-10-18 00:00:00,2021-10-21 09:11:50.823,f
207,44,56,5,2021-10-18 00:00:00,2021-10-21 09:11:50.824,f
208,45,56,4,2021-10-18 00:00:00,2021-10-21 09:11:50.824,f
209,46,56,4,2021-10-18 00:00:00,2021-10-21 09:11:50.824,f
210,47,56,5,2021-10-18 00:00:00,2021-10-21 09:11:50.824,f
211,48,56,5,2021-10-18 00:00:00,2021-10-21 09:11:50.825,f
212,49,56,5,2021-10-18 00:00:00,2021-10-21 09:11:50.825,f
213,50,56,5,2021-10-18 00:00:00,2021-10-21 09:11:50.825,f
214,51,56,1,2021-10-18 00:00:00,2021-10-21 09:11:50.825,f
215,52,56,2,2021-10-18 00:00:00,2021-10-21 09:11:50.825,f
216,53,56,2,2021-10-18 00:00:00,2021-10-21 09:11:50.825,f
217,54,56,3,2021-10-18 00:00:00,2021-10-21 09:11:50.825,f
218,55,56,5,2021-10-18 00:00:00,2021-10-21 09:11:50.826,f
219,56,56,5,2021-10-18 00:00:00,2021-10-21 09:11:50.826,f
220,57,56,5,2021-10-18 00:00:00,2021-10-21 09:11:50.826,f
221,1,57,3,2021-10-18 00:00:00,2021-10-21 09:11:50.822,f
222,2,57,3,2021-10-18 00:00:00,2021-10-21 09:11:50.822,f
223,3,57,3,2021-10-18 00:00:00,2021-10-21 09:11:50.823,f
224,4,57,3,2021-10-18 00:00:00,2021-10-21 09:11:50.823,f
225,5,57,3,2021-10-18 00:00:00,2021-10-21 09:11:50.823,f
226,8,57,3,2021-10-18 00:00:00,2021-10-21 09:11:50.823,f
227,9,57,3,2021-10-18 00:00:00,2021-10-21 09:11:50.823,f
228,10,57,3,2021-10-18 00:00:00,2021-10-21 09:11:50.823,f
229,11,57,4,2021-10-18 00:00:00,2021-10-21 09:11:50.823,f
230,12,57,5,2021-10-18 00:00:00,2021-10-21 09:11:50.824,f
231,13,57,4,2021-10-18 00:00:00,2021-10-21 09:11:50.824,f
232,14,57,4,2021-10-18 00:00:00,2021-10-21 09:11:50.824,f
233,15,57,5,2021-10-18 00:00:00,2021-10-21 09:11:50.824,f
234,16,57,5,2021-10-18 00:00:00,2021-10-21 09:11:50.825,f
235,17,57,5,2021-10-18 00:00:00,2021-10-21 09:11:50.825,f
236,18,57,5,2021-10-18 00:00:00,2021-10-21 09:11:50.825,f
237,19,57,1,2021-10-18 00:00:00,2021-10-21 09:11:50.825,f
238,20,57,2,2021-10-18 00:00:00,2021-10-21 09:11:50.825,f
239,21,57,2,2021-10-18 00:00:00,2021-10-21 09:11:50.825,f
240,22,57,3,2021-10-18 00:00:00,2021-10-21 09:11:50.825,f
241,23,57,5,2021-10-18 00:00:00,2021-10-21 09:11:50.826,f
242,24,57,5,2021-10-18 00:00:00,2021-10-21 09:11:50.826,f
243,25,57,5,2021-10-18 00:00:00,2021-10-21 09:11:50.826,f
244,26,57,5,2021-10-18 00:00:00,2021-10-21 09:11:50.826,f
245,27,58,5,2021-10-18 00:00:00,2021-10-21 09:11:50.826,f
246,28,58,1,2021-10-18 00:00:00,2021-10-21 09:11:50.826,f
247,29,58,2,2021-10-18 00:00:00,2021-10-21 09:11:50.826,f
248,30,58,1,2021-10-21 08:38:01.298,2021-10-21 09:11:50.826,f
249,31,58,2,2021-10-21 08:38:56.56,2021-10-21 09:11:50.827,f
250,32,58,2,2021-10-21 08:39:34.098,2021-10-21 09:11:50.827,f
251,33,58,5,2021-10-18 00:00:00,2021-10-21 14:35:19.513,f
252,34,58,2,2021-10-21 14:30:39.309,2021-10-21 14:35:57.2,t
253,35,58,3,2021-10-18 00:00:00,2021-10-21 09:11:50.822,f
254,36,58,3,2021-10-18 00:00:00,2021-10-21 09:11:50.822,f
255,37,58,3,2021-10-18 00:00:00,2021-10-21 09:11:50.823,f
256,38,58,3,2021-10-18 00:00:00,2021-10-21 09:11:50.823,f
257,39,58,3,2021-10-18 00:00:00,2021-10-21 09:11:50.823,f
258,40,58,3,2021-10-18 00:00:00,2021-10-21 09:11:50.823,f
259,41,58,3,2021-10-18 00:00:00,2021-10-21 09:11:50.823,f
260,42,58,3,2021-10-18 00:00:00,2021-10-21 09:11:50.823,f
261,43,58,4,2021-10-18 00:00:00,2021-10-21 09:11:50.823,f
262,44,58,5,2021-10-18 00:00:00,2021-10-21 09:11:50.824,f
263,45,58,4,2021-10-18 00:00:00,2021-10-21 09:11:50.824,f
264,46,58,4,2021-10-18 00:00:00,2021-10-21 09:11:50.824,f
265,47,58,5,2021-10-18 00:00:00,2021-10-21 09:11:50.824,f
266,48,58,5,2021-10-18 00:00:00,2021-10-21 09:11:50.825,f
267,49,58,5,2021-10-18 00:00:00,2021-10-21 09:11:50.825,f
268,50,58,5,2021-10-18 00:00:00,2021-10-21 09:11:50.825,f
269,51,58,1,2021-10-18 00:00:00,2021-10-21 09:11:50.825,f
270,52,58,2,2021-10-18 00:00:00,2021-10-21 09:11:50.825,f
271,53,58,2,2021-10-18 00:00:00,2021-10-21 09:11:50.825,f
272,54,58,3,2021-10-18 00:00:00,2021-10-21 09:11:50.825,f
273,55,58,5,2021-10-18 00:00:00,2021-10-21 09:11:50.826,f
274,56,58,5,2021-10-18 00:00:00,2021-10-21 09:11:50.826,f
275,57,58,5,2021-10-18 00:00:00,2021-10-21 09:11:50.826,f
276,1,59,3,2021-10-18 00:00:00,2021-10-21 09:11:50.822,f
277,2,59,3,2021-10-18 00:00:00,2021-10-21 09:11:50.822,f
278,3,59,3,2021-10-18 00:00:00,2021-10-21 09:11:50.823,f
279,4,59,3,2021-10-18 00:00:00,2021-10-21 09:11:50.823,f
280,5,59,3,2021-10-18 00:00:00,2021-10-21 09:11:50.823,f
281,8,59,3,2021-10-18 00:00:00,2021-10-21 09:11:50.823,f
282,9,59,3,2021-10-18 00:00:00,2021-10-21 09:11:50.823,f
283,10,59,3,2021-10-18 00:00:00,2021-10-21 09:11:50.823,f
284,11,59,4,2021-10-18 00:00:00,2021-10-21 09:11:50.823,f
285,12,59,5,2021-10-18 00:00:00,2021-10-21 09:11:50.824,f
286,13,59,4,2021-10-18 00:00:00,2021-10-21 09:11:50.824,f
287,14,59,4,2021-10-18 00:00:00,2021-10-21 09:11:50.824,f
288,15,59,5,2021-10-18 00:00:00,2021-10-21 09:11:50.824,f
289,16,59,5,2021-10-18 00:00:00,2021-10-21 09:11:50.825,f
290,17,59,5,2021-10-18 00:00:00,2021-10-21 09:11:50.825,f
291,18,59,5,2021-10-18 00:00:00,2021-10-21 09:11:50.825,f
292,19,59,1,2021-10-18 00:00:00,2021-10-21 09:11:50.825,f
293,20,59,2,2021-10-18 00:00:00,2021-10-21 09:11:50.825,f
294,21,59,2,2021-10-18 00:00:00,2021-10-21 09:11:50.825,f
295,22,59,3,2021-10-18 00:00:00,2021-10-21 09:11:50.825,f
296,23,59,5,2021-10-18 00:00:00,2021-10-21 09:11:50.826,f
297,24,59,5,2021-10-18 00:00:00,2021-10-21 09:11:50.826,f
298,25,59,5,2021-10-18 00:00:00,2021-10-21 09:11:50.826,f
299,26,59,5,2021-10-18 00:00:00,2021-10-21 09:11:50.826,f
300,27,60,5,2021-10-18 00:00:00,2021-10-21 09:11:50.826,f
301,28,60,1,2021-10-18 00:00:00,2021-10-21 09:11:50.826,f
302,29,60,2,2021-10-18 00:00:00,2021-10-21 09:11:50.826,f
303,30,60,1,2021-10-21 08:38:01.298,2021-10-21 09:11:50.826,f
304,31,60,2,2021-10-21 08:38:56.56,2021-10-21 09:11:50.827,f
305,32,60,2,2021-10-21 08:39:34.098,2021-10-21 09:11:50.827,f
306,33,60,5,2021-10-18 00:00:00,2021-10-21 14:35:19.513,f
307,34,60,2,2021-10-21 14:30:39.309,2021-10-21 14:35:57.2,t
308,35,60,3,2021-10-18 00:00:00,2021-10-21 09:11:50.822,f
309,36,60,3,2021-10-18 00:00:00,2021-10-21 09:11:50.822,f
310,37,60,3,2021-10-18 00:00:00,2021-10-21 09:11:50.823,f
311,38,60,3,2021-10-18 00:00:00,2021-10-21 09:11:50.823,f
312,39,60,3,2021-10-18 00:00:00,2021-10-21 09:11:50.823,f
313,40,60,3,2021-10-18 00:00:00,2021-10-21 09:11:50.823,f
314,41,60,3,2021-10-18 00:00:00,2021-10-21 09:11:50.823,f
315,42,60,3,2021-10-18 00:00:00,2021-10-21 09:11:50.823,f
316,43,60,4,2021-10-18 00:00:00,2021-10-21 09:11:50.823,f
317,44,60,5,2021-10-18 00:00:00,2021-10-21 09:11:50.824,f
318,45,60,4,2021-10-18 00:00:00,2021-10-21 09:11:50.824,f
319,46,60,4,2021-10-18 00:00:00,2021-10-21 09:11:50.824,f
320,47,60,5,2021-10-18 00:00:00,2021-10-21 09:11:50.824,f
321,48,60,5,2021-10-18 00:00:00,2021-10-21 09:11:50.825,f
322,49,60,5,2021-10-18 00:00:00,2021-10-21 09:11:50.825,f
323,50,60,5,2021-10-18 00:00:00,2021-10-21 09:11:50.825,f
324,51,60,1,2021-10-18 00:00:00,2021-10-21 09:11:50.825,f
325,52,60,2,2021-10-18 00:00:00,2021-10-21 09:11:50.825,f
326,53,60,2,2021-10-18 00:00:00,2021-10-21 09:11:50.825,f
327,54,60,3,2021-10-18 00:00:00,2021-10-21 09:11:50.825,f
328,55,60,5,2021-10-18 00:00:00,2021-10-21 09:11:50.826,f
329,56,60,5,2021-10-18 00:00:00,2021-10-21 09:11:50.826,f
330,57,60,5,2021-10-18 00:00:00,2021-10-21 09:11:50.826,f
331,1,61,3,2021-10-18 00:00:00,2021-10-21 09:11:50.822,f
332,2,61,3,2021-10-18 00:00:00,2021-10-21 09:11:50.822,f
333,3,61,3,2021-10-18 00:00:00,2021-10-21 09:11:50.823,f
334,4,61,3,2021-10-18 00:00:00,2021-10-21 09:11:50.823,f
335,5,61,3,2021-10-18 00:00:00,2021-10-21 09:11:50.823,f
336,8,61,3,2021-10-18 00:00:00,2021-10-21 09:11:50.823,f
337,9,61,3,2021-10-18 00:00:00,2021-10-21 09:11:50.823,f
338,10,61,3,2021-10-18 00:00:00,2021-10-21 09:11:50.823,f
339,11,61,4,2021-10-18 00:00:00,2021-10-21 09:11:50.823,f
340,12,61,5,2021-10-18 00:00:00,2021-10-21 09:11:50.824,f
341,13,61,4,2021-10-18 00:00:00,2021-10-21 09:11:50.824,f
342,14,61,4,2021-10-18 00:00:00,2021-10-21 09:11:50.824,f
343,15,61,5,2021-10-18 00:00:00,2021-10-21 09:11:50.824,f
344,16,61,5,2021-10-18 00:00:00,2021-10-21 09:11:50.825,f
345,17,61,5,2021-10-18 00:00:00,2021-10-21 09:11:50.825,f
346,18,61,5,2021-10-18 00:00:00,2021-10-21 09:11:50.825,f
347,19,61,1,2021-10-18 00:00:00,2021-10-21 09:11:50.825,f
348,20,61,2,2021-10-18 00:00:00,2021-10-21 09:11:50.825,f
349,21,61,2,2021-10-18 00:00:00,2021-10-21 09:11:50.825,f
350,22,61,3,2021-10-18 00:00:00,2021-10-21 09:11:50.825,f
351,23,61,5,2021-10-18 00:00:00,2021-10-21 09:11:50.826,f
352,24,61,5,2021-10-18 00:00:00,2021-10-21 09:11:50.826,f
353,25,61,5,2021-10-18 00:00:00,2021-10-21 09:11:50.826,f
354,26,61,5,2021-10-18 00:00:00,2021-10-21 09:11:50.826,f
355,27,62,5,2021-10-18 00:00:00,2021-10-21 09:11:50.826,f
356,28,62,1,2021-10-18 00:00:00,2021-10-21 09:11:50.826,f
357,29,62,2,2021-10-18 00:00:00,2021-10-21 09:11:50.826,f
358,30,62,1,2021-10-21 08:38:01.298,2021-10-21 09:11:50.826,f
359,31,62,2,2021-10-21 08:38:56.56,2021-10-21 09:11:50.827,f
360,32,62,2,2021-10-21 08:39:34.098,2021-10-21 09:11:50.827,f
361,33,62,5,2021-10-18 00:00:00,2021-10-21 14:35:19.513,f
362,34,62,2,2021-10-21 14:30:39.309,2021-10-21 14:35:57.2,t
363,35,62,3,2021-10-18 00:00:00,2021-10-21 09:11:50.822,f
364,36,62,3,2021-10-18 00:00:00,2021-10-21 09:11:50.822,f
365,37,62,3,2021-10-18 00:00:00,2021-10-21 09:11:50.823,f
366,38,62,3,2021-10-18 00:00:00,2021-10-21 09:11:50.823,f
367,39,62,3,2021-10-18 00:00:00,2021-10-21 09:11:50.823,f
368,40,62,3,2021-10-18 00:00:00,2021-10-21 09:11:50.823,f
369,41,62,3,2021-10-18 00:00:00,2021-10-21 09:11:50.823,f
370,42,62,3,2021-10-18 00:00:00,2021-10-21 09:11:50.823,f
371,43,62,4,2021-10-18 00:00:00,2021-10-21 09:11:50.823,f
372,44,62,5,2021-10-18 00:00:00,2021-10-21 09:11:50.824,f
373,45,62,4,2021-10-18 00:00:00,2021-10-21 09:11:50.824,f
374,46,62,4,2021-10-18 00:00:00,2021-10-21 09:11:50.824,f
375,47,62,5,2021-10-18 00:00:00,2021-10-21 09:11:50.824,f
376,48,62,5,2021-10-18 00:00:00,2021-10-21 09:11:50.825,f
377,49,62,5,2021-10-18 00:00:00,2021-10-21 09:11:50.825,f
378,50,62,5,2021-10-18 00:00:00,2021-10-21 09:11:50.825,f
379,51,62,1,2021-10-18 00:00:00,2021-10-21 09:11:50.825,f
380,52,62,2,2021-10-18 00:00:00,2021-10-21 09:11:50.825,f
381,53,62,2,2021-10-18 00:00:00,2021-10-21 09:11:50.825,f
382,54,62,3,2021-10-18 00:00:00,2021-10-21 09:11:50.825,f
383,55,62,5,2021-10-18 00:00:00,2021-10-21 09:11:50.826,f
384,56,62,5,2021-10-18 00:00:00,2021-10-21 09:11:50.826,f
385,57,62,5,2021-10-18 00:00:00,2021-10-21 09:11:50.826,f
386,1,63,3,2021-10-18 00:00:00,2021-10-21 09:11:50.822,f
387,2,63,3,2021-10-18 00:00:00,2021-10-21 09:11:50.822,f
388,3,63,3,2021-10-18 00:00:00,2021-10-21 09:11:50.823,f
389,4,63,3,2021-10-18 00:00:00,2021-10-21 09:11:50.823,f
390,5,63,3,2021-10-18 00:00:00,2021-10-21 09:11:50.823,f
391,8,63,3,2021-10-18 00:00:00,2021-10-21 09:11:50.823,f
392,9,63,3,2021-10-18 00:00:00,2021-10-21 09:11:50.823,f
393,10,63,3,2021-10-18 00:00:00,2021-10-21 09:11:50.823,f
394,11,63,4,2021-10-18 00:00:00,2021-10-21 09:11:50.823,f
395,12,63,5,2021-10-18 00:00:00,2021-10-21 09:11:50.824,f
396,13,63,4,2021-10-18 00:00:00,2021-10-21 09:11:50.824,f
397,14,63,4,2021-10-18 00:00:00,2021-10-21 09:11:50.824,f
398,15,63,5,2021-10-18 00:00:00,2021-10-21 09:11:50.824,f
399,16,63,5,2021-10-18 00:00:00,2021-10-21 09:11:50.825,f
400,17,63,5,2021-10-18 00:00:00,2021-10-21 09:11:50.825,f
401,18,63,5,2021-10-18 00:00:00,2021-10-21 09:11:50.825,f
402,19,63,1,2021-10-18 00:00:00,2021-10-21 09:11:50.825,f
403,20,63,2,2021-10-18 00:00:00,2021-10-21 09:11:50.825,f
404,21,63,2,2021-10-18 00:00:00,2021-10-21 09:11:50.825,f
405,22,63,3,2021-10-18 00:00:00,2021-10-21 09:11:50.825,f
406,23,63,5,2021-10-18 00:00:00,2021-10-21 09:11:50.826,f
407,24,63,5,2021-10-18 00:00:00,2021-10-21 09:11:50.826,f
408,25,63,5,2021-10-18 00:00:00,2021-10-21 09:11:50.826,f
409,26,63,5,2021-10-18 00:00:00,2021-10-21 09:11:50.826,f
410,27,64,5,2021-10-18 00:00:00,2021-10-21 09:11:50.826,f
426,43,64,4,2021-10-18 00:00:00,2021-10-21 09:11:50.823,f
430,47,64,5,2021-10-18 00:00:00,2021-10-21 09:11:50.824,f
425,42,64,3,2021-10-18 00:00:00,2021-10-21 09:11:50.823,f
424,41,64,3,2021-10-18 00:00:00,2021-10-21 09:11:50.823,f
427,44,64,5,2021-10-18 00:00:00,2021-10-21 09:11:50.824,f
418,35,64,3,2021-10-18 00:00:00,2021-10-21 09:11:50.822,f
429,46,64,4,2021-10-18 00:00:00,2021-10-21 09:11:50.824,f
428,45,64,4,2021-10-18 00:00:00,2021-10-21 09:11:50.824,f
431,48,64,5,2021-10-18 00:00:00,2021-10-21 09:11:50.825,f
422,39,64,3,2021-10-18 00:00:00,2021-10-21 09:11:50.823,f
417,34,64,2,2021-10-21 14:30:39.309,2021-10-21 14:35:57.2,t
416,33,64,5,2021-10-18 00:00:00,2021-10-21 14:35:19.513,f
419,36,64,3,2021-10-18 00:00:00,2021-10-21 09:11:50.822,f
421,38,64,3,2021-10-18 00:00:00,2021-10-21 09:11:50.823,f
420,37,64,3,2021-10-18 00:00:00,2021-10-21 09:11:50.823,f
423,40,64,3,2021-10-18 00:00:00,2021-10-21 09:11:50.823,f
440,57,64,5,2021-10-18 00:00:00,2021-10-21 09:11:50.826,f
434,51,64,1,2021-10-18 00:00:00,2021-10-21 09:11:50.825,f
438,55,64,5,2021-10-18 00:00:00,2021-10-21 09:11:50.826,f
433,50,64,5,2021-10-18 00:00:00,2021-10-21 09:11:50.825,f
432,49,64,5,2021-10-18 00:00:00,2021-10-21 09:11:50.825,f
435,52,64,2,2021-10-18 00:00:00,2021-10-21 09:11:50.825,f
437,54,64,3,2021-10-18 00:00:00,2021-10-21 09:11:50.825,f
436,53,64,2,2021-10-18 00:00:00,2021-10-21 09:11:50.825,f
439,56,64,5,2021-10-18 00:00:00,2021-10-21 09:11:50.826,f
414,31,64,2,2021-10-21 08:38:56.56,2021-10-21 09:11:50.827,f
411,28,64,1,2021-10-18 00:00:00,2021-10-21 09:11:50.826,f
413,30,64,1,2021-10-21 08:38:01.298,2021-10-21 09:11:50.826,f
412,29,64,2,2021-10-18 00:00:00,2021-10-21 09:11:50.826,f
415,32,64,2,2021-10-21 08:39:34.098,2021-10-21 09:11:50.827,f
441,1,65,3,2021-10-18 00:00:00,2021-10-21 09:11:50.822,f
442,2,65,3,2021-10-18 00:00:00,2021-10-21 09:11:50.822,f
443,3,65,3,2021-10-18 00:00:00,2021-10-21 09:11:50.823,f
444,4,65,3,2021-10-18 00:00:00,2021-10-21 09:11:50.823,f
445,5,65,3,2021-10-18 00:00:00,2021-10-21 09:11:50.823,f
446,8,65,3,2021-10-18 00:00:00,2021-10-21 09:11:50.823,f
447,9,65,3,2021-10-18 00:00:00,2021-10-21 09:11:50.823,f
448,10,65,3,2021-10-18 00:00:00,2021-10-21 09:11:50.823,f
449,11,65,4,2021-10-18 00:00:00,2021-10-21 09:11:50.823,f
450,12,65,5,2021-10-18 00:00:00,2021-10-21 09:11:50.824,f
451,13,65,4,2021-10-18 00:00:00,2021-10-21 09:11:50.824,f
452,14,65,4,2021-10-18 00:00:00,2021-10-21 09:11:50.824,f
453,15,65,5,2021-10-18 00:00:00,2021-10-21 09:11:50.824,f
454,16,65,5,2021-10-18 00:00:00,2021-10-21 09:11:50.825,f
455,17,65,5,2021-10-18 00:00:00,2021-10-21 09:11:50.825,f
456,18,65,5,2021-10-18 00:00:00,2021-10-21 09:11:50.825,f
457,19,65,1,2021-10-18 00:00:00,2021-10-21 09:11:50.825,f
458,20,65,2,2021-10-18 00:00:00,2021-10-21 09:11:50.825,f
459,21,65,2,2021-10-18 00:00:00,2021-10-21 09:11:50.825,f
460,22,65,3,2021-10-18 00:00:00,2021-10-21 09:11:50.825,f
461,23,65,5,2021-10-18 00:00:00,2021-10-21 09:11:50.826,f
462,24,65,5,2021-10-18 00:00:00,2021-10-21 09:11:50.826,f
463,25,65,5,2021-10-18 00:00:00,2021-10-21 09:11:50.826,f
464,26,65,5,2021-10-18 00:00:00,2021-10-21 09:11:50.826,f
465,27,66,5,2021-10-18 00:00:00,2021-10-21 09:11:50.826,f
466,28,66,1,2021-10-18 00:00:00,2021-10-21 09:11:50.826,f
467,29,66,2,2021-10-18 00:00:00,2021-10-21 09:11:50.826,f
468,30,66,1,2021-10-21 08:38:01.298,2021-10-21 09:11:50.826,f
469,31,66,2,2021-10-21 08:38:56.56,2021-10-21 09:11:50.827,f
470,32,66,2,2021-10-21 08:39:34.098,2021-10-21 09:11:50.827,f
471,33,66,5,2021-10-18 00:00:00,2021-10-21 14:35:19.513,f
472,34,66,2,2021-10-21 14:30:39.309,2021-10-21 14:35:57.2,t
473,35,66,3,2021-10-18 00:00:00,2021-10-21 09:11:50.822,f
474,36,66,3,2021-10-18 00:00:00,2021-10-21 09:11:50.822,f
475,37,66,3,2021-10-18 00:00:00,2021-10-21 09:11:50.823,f
476,38,66,3,2021-10-18 00:00:00,2021-10-21 09:11:50.823,f
477,39,66,3,2021-10-18 00:00:00,2021-10-21 09:11:50.823,f
478,40,66,3,2021-10-18 00:00:00,2021-10-21 09:11:50.823,f
479,41,66,3,2021-10-18 00:00:00,2021-10-21 09:11:50.823,f
480,42,66,3,2021-10-18 00:00:00,2021-10-21 09:11:50.823,f
481,43,66,4,2021-10-18 00:00:00,2021-10-21 09:11:50.823,f
482,44,66,5,2021-10-18 00:00:00,2021-10-21 09:11:50.824,f
483,45,66,4,2021-10-18 00:00:00,2021-10-21 09:11:50.824,f
484,46,66,4,2021-10-18 00:00:00,2021-10-21 09:11:50.824,f
485,47,66,5,2021-10-18 00:00:00,2021-10-21 09:11:50.824,f
486,48,66,5,2021-10-18 00:00:00,2021-10-21 09:11:50.825,f
487,49,66,5,2021-10-18 00:00:00,2021-10-21 09:11:50.825,f
488,50,66,5,2021-10-18 00:00:00,2021-10-21 09:11:50.825,f
489,51,66,1,2021-10-18 00:00:00,2021-10-21 09:11:50.825,f
490,52,66,2,2021-10-18 00:00:00,2021-10-21 09:11:50.825,f
491,53,66,2,2021-10-18 00:00:00,2021-10-21 09:11:50.825,f
492,54,66,3,2021-10-18 00:00:00,2021-10-21 09:11:50.825,f
493,55,66,5,2021-10-18 00:00:00,2021-10-21 09:11:50.826,f
494,56,66,5,2021-10-18 00:00:00,2021-10-21 09:11:50.826,f
495,57,66,5,2021-10-18 00:00:00,2021-10-21 09:11:50.826,f
496,1,67,3,2021-10-18 00:00:00,2021-10-21 09:11:50.822,f
497,2,67,3,2021-10-18 00:00:00,2021-10-21 09:11:50.822,f
498,3,67,3,2021-10-18 00:00:00,2021-10-21 09:11:50.823,f
499,4,67,3,2021-10-18 00:00:00,2021-10-21 09:11:50.823,f
500,5,67,3,2021-10-18 00:00:00,2021-10-21 09:11:50.823,f
501,8,67,3,2021-10-18 00:00:00,2021-10-21 09:11:50.823,f
502,9,67,3,2021-10-18 00:00:00,2021-10-21 09:11:50.823,f
503,10,67,3,2021-10-18 00:00:00,2021-10-21 09:11:50.823,f
504,11,67,4,2021-10-18 00:00:00,2021-10-21 09:11:50.823,f
505,12,67,5,2021-10-18 00:00:00,2021-10-21 09:11:50.824,f
506,13,67,4,2021-10-18 00:00:00,2021-10-21 09:11:50.824,f
507,14,67,4,2021-10-18 00:00:00,2021-10-21 09:11:50.824,f
508,15,67,5,2021-10-18 00:00:00,2021-10-21 09:11:50.824,f
509,16,67,5,2021-10-18 00:00:00,2021-10-21 09:11:50.825,f
510,17,67,5,2021-10-18 00:00:00,2021-10-21 09:11:50.825,f
511,18,67,5,2021-10-18 00:00:00,2021-10-21 09:11:50.825,f
512,19,67,1,2021-10-18 00:00:00,2021-10-21 09:11:50.825,f
513,20,67,2,2021-10-18 00:00:00,2021-10-21 09:11:50.825,f
514,21,67,2,2021-10-18 00:00:00,2021-10-21 09:11:50.825,f
515,22,67,3,2021-10-18 00:00:00,2021-10-21 09:11:50.825,f
516,23,67,5,2021-10-18 00:00:00,2021-10-21 09:11:50.826,f
517,24,67,5,2021-10-18 00:00:00,2021-10-21 09:11:50.826,f
518,25,67,5,2021-10-18 00:00:00,2021-10-21 09:11:50.826,f
519,26,67,5,2021-10-18 00:00:00,2021-10-21 09:11:50.826,f
520,27,68,5,2021-10-18 00:00:00,2021-10-21 09:11:50.826,f
521,28,68,1,2021-10-18 00:00:00,2021-10-21 09:11:50.826,f
522,29,68,2,2021-10-18 00:00:00,2021-10-21 09:11:50.826,f
523,30,68,1,2021-10-21 08:38:01.298,2021-10-21 09:11:50.826,f
524,31,68,2,2021-10-21 08:38:56.56,2021-10-21 09:11:50.827,f
525,32,68,2,2021-10-21 08:39:34.098,2021-10-21 09:11:50.827,f
526,33,68,5,2021-10-18 00:00:00,2021-10-21 14:35:19.513,f
527,34,68,2,2021-10-21 14:30:39.309,2021-10-21 14:35:57.2,t
528,35,68,3,2021-10-18 00:00:00,2021-10-21 09:11:50.822,f
529,36,68,3,2021-10-18 00:00:00,2021-10-21 09:11:50.822,f
530,37,68,3,2021-10-18 00:00:00,2021-10-21 09:11:50.823,f
531,38,68,3,2021-10-18 00:00:00,2021-10-21 09:11:50.823,f
532,39,68,3,2021-10-18 00:00:00,2021-10-21 09:11:50.823,f
533,40,68,3,2021-10-18 00:00:00,2021-10-21 09:11:50.823,f
534,41,68,3,2021-10-18 00:00:00,2021-10-21 09:11:50.823,f
535,42,68,3,2021-10-18 00:00:00,2021-10-21 09:11:50.823,f
536,43,68,4,2021-10-18 00:00:00,2021-10-21 09:11:50.823,f
537,44,68,5,2021-10-18 00:00:00,2021-10-21 09:11:50.824,f
538,45,68,4,2021-10-18 00:00:00,2021-10-21 09:11:50.824,f
539,46,68,4,2021-10-18 00:00:00,2021-10-21 09:11:50.824,f
540,47,68,5,2021-10-18 00:00:00,2021-10-21 09:11:50.824,f
541,48,68,5,2021-10-18 00:00:00,2021-10-21 09:11:50.825,f
542,49,68,5,2021-10-18 00:00:00,2021-10-21 09:11:50.825,f
543,50,68,5,2021-10-18 00:00:00,2021-10-21 09:11:50.825,f
544,51,68,1,2021-10-18 00:00:00,2021-10-21 09:11:50.825,f
545,52,68,2,2021-10-18 00:00:00,2021-10-21 09:11:50.825,f
546,53,68,2,2021-10-18 00:00:00,2021-10-21 09:11:50.825,f
547,54,68,3,2021-10-18 00:00:00,2021-10-21 09:11:50.825,f
548,55,68,5,2021-10-18 00:00:00,2021-10-21 09:11:50.826,f
549,56,68,5,2021-10-18 00:00:00,2021-10-21 09:11:50.826,f
550,57,68,5,2021-10-18 00:00:00,2021-10-21 09:11:50.826,f
551,1,69,3,2021-10-18 00:00:00,2021-10-21 09:11:50.822,f
552,2,69,3,2021-10-18 00:00:00,2021-10-21 09:11:50.822,f
553,3,69,3,2021-10-18 00:00:00,2021-10-21 09:11:50.823,f
554,4,69,3,2021-10-18 00:00:00,2021-10-21 09:11:50.823,f
555,5,69,3,2021-10-18 00:00:00,2021-10-21 09:11:50.823,f
556,8,69,3,2021-10-18 00:00:00,2021-10-21 09:11:50.823,f
557,9,69,3,2021-10-18 00:00:00,2021-10-21 09:11:50.823,f
558,10,69,3,2021-10-18 00:00:00,2021-10-21 09:11:50.823,f
559,11,69,4,2021-10-18 00:00:00,2021-10-21 09:11:50.823,f
560,12,69,5,2021-10-18 00:00:00,2021-10-21 09:11:50.824,f
561,13,69,4,2021-10-18 00:00:00,2021-10-21 09:11:50.824,f
562,14,69,4,2021-10-18 00:00:00,2021-10-21 09:11:50.824,f
563,15,69,5,2021-10-18 00:00:00,2021-10-21 09:11:50.824,f
564,16,69,5,2021-10-18 00:00:00,2021-10-21 09:11:50.825,f
565,17,69,5,2021-10-18 00:00:00,2021-10-21 09:11:50.825,f
566,18,69,5,2021-10-18 00:00:00,2021-10-21 09:11:50.825,f
567,19,69,1,2021-10-18 00:00:00,2021-10-21 09:11:50.825,f
568,20,69,2,2021-10-18 00:00:00,2021-10-21 09:11:50.825,f
569,21,69,2,2021-10-18 00:00:00,2021-10-21 09:11:50.825,f
570,22,69,3,2021-10-18 00:00:00,2021-10-21 09:11:50.825,f
571,23,69,5,2021-10-18 00:00:00,2021-10-21 09:11:50.826,f
572,24,69,5,2021-10-18 00:00:00,2021-10-21 09:11:50.826,f
573,25,69,5,2021-10-18 00:00:00,2021-10-21 09:11:50.826,f
574,26,69,5,2021-10-18 00:00:00,2021-10-21 09:11:50.826,f
575,27,70,5,2021-10-18 00:00:00,2021-10-21 09:11:50.826,f
576,28,70,1,2021-10-18 00:00:00,2021-10-21 09:11:50.826,f
577,29,70,2,2021-10-18 00:00:00,2021-10-21 09:11:50.826,f
578,30,70,1,2021-10-21 08:38:01.298,2021-10-21 09:11:50.826,f
579,31,70,2,2021-10-21 08:38:56.56,2021-10-21 09:11:50.827,f
580,32,70,2,2021-10-21 08:39:34.098,2021-10-21 09:11:50.827,f
581,33,70,5,2021-10-18 00:00:00,2021-10-21 14:35:19.513,f
582,34,70,2,2021-10-21 14:30:39.309,2021-10-21 14:35:57.2,t
583,35,70,3,2021-10-18 00:00:00,2021-10-21 09:11:50.822,f
584,36,70,3,2021-10-18 00:00:00,2021-10-21 09:11:50.822,f
585,37,70,3,2021-10-18 00:00:00,2021-10-21 09:11:50.823,f
586,38,70,3,2021-10-18 00:00:00,2021-10-21 09:11:50.823,f
587,39,70,3,2021-10-18 00:00:00,2021-10-21 09:11:50.823,f
588,40,70,3,2021-10-18 00:00:00,2021-10-21 09:11:50.823,f
589,41,70,3,2021-10-18 00:00:00,2021-10-21 09:11:50.823,f
590,42,70,3,2021-10-18 00:00:00,2021-10-21 09:11:50.823,f
591,43,70,4,2021-10-18 00:00:00,2021-10-21 09:11:50.823,f
592,44,70,5,2021-10-18 00:00:00,2021-10-21 09:11:50.824,f
593,45,70,4,2021-10-18 00:00:00,2021-10-21 09:11:50.824,f
594,46,70,4,2021-10-18 00:00:00,2021-10-21 09:11:50.824,f
595,47,70,5,2021-10-18 00:00:00,2021-10-21 09:11:50.824,f
596,48,70,5,2021-10-18 00:00:00,2021-10-21 09:11:50.825,f
597,49,70,5,2021-10-18 00:00:00,2021-10-21 09:11:50.825,f
598,50,70,5,2021-10-18 00:00:00,2021-10-21 09:11:50.825,f
599,51,70,1,2021-10-18 00:00:00,2021-10-21 09:11:50.825,f
600,52,70,2,2021-10-18 00:00:00,2021-10-21 09:11:50.825,f
601,53,70,2,2021-10-18 00:00:00,2021-10-21 09:11:50.825,f
602,54,70,3,2021-10-18 00:00:00,2021-10-21 09:11:50.825,f
603,55,70,5,2021-10-18 00:00:00,2021-10-21 09:11:50.826,f
604,56,70,5,2021-10-18 00:00:00,2021-10-21 09:11:50.826,f
605,57,70,5,2021-10-18 00:00:00,2021-10-21 09:11:50.826,f
606,1,71,3,2021-10-18 00:00:00,2021-10-21 09:11:50.822,f
607,2,71,3,2021-10-18 00:00:00,2021-10-21 09:11:50.822,f
608,3,71,3,2021-10-18 00:00:00,2021-10-21 09:11:50.823,f
609,4,71,3,2021-10-18 00:00:00,2021-10-21 09:11:50.823,f
610,5,71,3,2021-10-18 00:00:00,2021-10-21 09:11:50.823,f
611,8,71,3,2021-10-18 00:00:00,2021-10-21 09:11:50.823,f
612,9,71,3,2021-10-18 00:00:00,2021-10-21 09:11:50.823,f
613,10,71,3,2021-10-18 00:00:00,2021-10-21 09:11:50.823,f
614,11,71,4,2021-10-18 00:00:00,2021-10-21 09:11:50.823,f
615,12,71,5,2021-10-18 00:00:00,2021-10-21 09:11:50.824,f
616,13,71,4,2021-10-18 00:00:00,2021-10-21 09:11:50.824,f
617,14,71,4,2021-10-18 00:00:00,2021-10-21 09:11:50.824,f
618,15,71,5,2021-10-18 00:00:00,2021-10-21 09:11:50.824,f
619,16,71,5,2021-10-18 00:00:00,2021-10-21 09:11:50.825,f
620,17,71,5,2021-10-18 00:00:00,2021-10-21 09:11:50.825,f
621,18,71,5,2021-10-18 00:00:00,2021-10-21 09:11:50.825,f
622,19,71,1,2021-10-18 00:00:00,2021-10-21 09:11:50.825,f
623,20,71,2,2021-10-18 00:00:00,2021-10-21 09:11:50.825,f
624,21,71,2,2021-10-18 00:00:00,2021-10-21 09:11:50.825,f
625,22,71,3,2021-10-18 00:00:00,2021-10-21 09:11:50.825,f
626,23,71,5,2021-10-18 00:00:00,2021-10-21 09:11:50.826,f
627,24,71,5,2021-10-18 00:00:00,2021-10-21 09:11:50.826,f
628,25,71,5,2021-10-18 00:00:00,2021-10-21 09:11:50.826,f
629,26,71,5,2021-10-18 00:00:00,2021-10-21 09:11:50.826,f
630,27,72,5,2021-10-18 00:00:00,2021-10-21 09:11:50.826,f
631,28,72,1,2021-10-18 00:00:00,2021-10-21 09:11:50.826,f
632,29,72,2,2021-10-18 00:00:00,2021-10-21 09:11:50.826,f
633,30,72,1,2021-10-21 08:38:01.298,2021-10-21 09:11:50.826,f
634,31,72,2,2021-10-21 08:38:56.56,2021-10-21 09:11:50.827,f
635,32,72,2,2021-10-21 08:39:34.098,2021-10-21 09:11:50.827,f
636,33,72,5,2021-10-18 00:00:00,2021-10-21 14:35:19.513,f
637,34,72,2,2021-10-21 14:30:39.309,2021-10-21 14:35:57.2,t
638,35,72,3,2021-10-18 00:00:00,2021-10-21 09:11:50.822,f
639,36,72,3,2021-10-18 00:00:00,2021-10-21 09:11:50.822,f
640,37,72,3,2021-10-18 00:00:00,2021-10-21 09:11:50.823,f
641,38,72,3,2021-10-18 00:00:00,2021-10-21 09:11:50.823,f
642,39,72,3,2021-10-18 00:00:00,2021-10-21 09:11:50.823,f
643,40,72,3,2021-10-18 00:00:00,2021-10-21 09:11:50.823,f
644,41,72,3,2021-10-18 00:00:00,2021-10-21 09:11:50.823,f
645,42,72,3,2021-10-18 00:00:00,2021-10-21 09:11:50.823,f
646,43,72,4,2021-10-18 00:00:00,2021-10-21 09:11:50.823,f
647,44,72,5,2021-10-18 00:00:00,2021-10-21 09:11:50.824,f
648,45,72,4,2021-10-18 00:00:00,2021-10-21 09:11:50.824,f
649,46,72,4,2021-10-18 00:00:00,2021-10-21 09:11:50.824,f
650,47,72,5,2021-10-18 00:00:00,2021-10-21 09:11:50.824,f
651,48,72,5,2021-10-18 00:00:00,2021-10-21 09:11:50.825,f
652,49,72,5,2021-10-18 00:00:00,2021-10-21 09:11:50.825,f
653,50,72,5,2021-10-18 00:00:00,2021-10-21 09:11:50.825,f
654,51,72,1,2021-10-18 00:00:00,2021-10-21 09:11:50.825,f
655,52,72,2,2021-10-18 00:00:00,2021-10-21 09:11:50.825,f
656,53,72,2,2021-10-18 00:00:00,2021-10-21 09:11:50.825,f
657,54,72,3,2021-10-18 00:00:00,2021-10-21 09:11:50.825,f
658,55,72,5,2021-10-18 00:00:00,2021-10-21 09:11:50.826,f
659,56,72,5,2021-10-18 00:00:00,2021-10-21 09:11:50.826,f
660,57,72,5,2021-10-18 00:00:00,2021-10-21 09:11:50.826,f
